f;p;d;h;R;Ct;zone;htg;hrg;pol;phi_t;phi_r;lam_t;lam_r;azimuth;distance_ring
0.9;50;[0, 1.0];[14, 14];[15, 15];[4, 4];[4, 4];57;10;1;9.354041397711129;9.354041397711129;-13.406898868930545;-13.406898868930545;0.0;1
0.9;50;[0, 1.0];[5, 5];[0, 0];[2, 2];[4, 4];57;10;1;9.353896938002;9.353896938002;-13.405318687784602;-13.405318687784602;10.0;1
0.9;50;[0, 1.0];[4, 4];[0, 0];[2, 2];[4, 4];57;10;1;9.353482143301617;9.353482143301617;-13.40378777477706;-13.40378777477706;20.0;1
0.9;50;[0, 1.0];[4, 4];[10, 10];[3, 3];[4, 4];57;10;1;9.35280961837919;9.35280961837919;-13.402352648787232;-13.402352648787232;30.0;1
0.9;50;[0, 1.0];[6, 6];[10, 10];[3, 3];[4, 4];57;10;1;9.351899799342483;9.351899799342483;-13.401056917258163;-13.401056917258163;40.0;1
0.9;50;[0, 1.0];[6, 6];[0, 0];[2, 2];[4, 4];57;10;1;9.35078033248205;9.35078033248205;-13.399939950981276;-13.399939950981276;50.0;1
0.9;50;[0, 1.0];[6, 6];[0, 0];[2, 2];[4, 4];57;10;1;9.349485234023053;9.349485234023053;-13.39903568775727;-13.39903568775727;60.0;1
0.9;50;[0, 1.0];[7, 7];[15, 15];[4, 4];[4, 4];57;10;1;9.34805385634309;9.34805385634309;-13.398371601292654;-13.398371601292654;70.0;1
0.9;50;[0, 1.0];[7, 7];[0, 0];[2, 2];[4, 4];57;10;1;9.346529692093162;9.346529692093162;-13.397967866651816;-13.397967866651816;80.0;1
0.9;50;[0, 1.0];[7, 7];[0, 0];[2, 2];[4, 4];57;10;1;9.344959052579249;9.344959052579249;-13.397836747594349;-13.397836747594349;90.0;1
0.9;50;[0, 1.0];[6, 6];[0, 0];[2, 2];[4, 4];57;10;1;9.343389660575317;9.343389660575317;-13.39798222437117;-13.39798222437117;100.0;1
0.9;50;[0, 1.0];[5, 5];[0, 0];[2, 2];[4, 4];57;10;1;9.341869200329205;9.341869200329205;-13.398399873237308;-13.398399873237308;110.0;1
0.9;50;[0, 1.0];[5, 5];[0, 0];[2, 2];[4, 4];57;10;1;9.340443868814043;9.340443868814043;-13.39907700128792;-13.39907700128792;120.0;1
0.9;50;[0, 1.0];[6, 6];[0, 0];[2, 2];[4, 4];57;10;1;9.339156972230905;9.339156972230905;-13.399993032469654;-13.399993032469654;130.0;1
0.9;50;[0, 1.0];[6, 6];[0, 0];[2, 2];[4, 4];57;10;1;9.338047610386084;9.338047610386084;-13.40112013299731;-13.40112013299731;140.0;1
0.9;50;[0, 1.0];[6, 6];[15, 15];[4, 4];[4, 4];57;10;1;9.33714948889175;9.33714948889175;-13.402424057145954;-13.402424057145954;150.0;1
0.9;50;[0, 1.0];[10, 10];[0, 0];[2, 2];[4, 4];57;10;1;9.336489895252994;9.336489895252994;-13.403865187710549;-13.403865187710549;160.0;1
0.9;50;[0, 1.0];[13, 13];[0, 0];[2, 2];[4, 4];57;10;1;9.336088869926671;9.336088869926671;-13.40539973952891;-13.40539973952891;170.0;1
0.9;50;[0, 1.0];[6, 6];[10, 10];[3, 3];[4, 4];57;10;1;9.335958597517804;9.335958597517804;-13.406981089526854;-13.406981089526854;180.0;1
0.9;50;[0, 1.0];[6, 6];[10, 10];[3, 3];[4, 4];57;10;1;9.33610303659795;9.33610303659795;-13.408561192914307;-13.408561192914307;190.0;1
0.9;50;[0, 1.0];[7, 7];[0, 0];[2, 2];[4, 4];57;10;1;9.336517799388467;9.336517799388467;-13.410092042552835;-13.410092042552835;200.0;1
0.9;50;[0, 1.0];[10, 10];[10, 10];[3, 3];[4, 4];57;10;1;9.33719028496894;9.33719028496894;-13.411527127206359;-13.411527127206359;210.0;1
0.9;50;[0, 1.0];[5, 5];[15, 15];[4, 4];[4, 4];57;10;1;9.338100061976828;9.338100061976828;-13.412822844417603;-13.412822844417603;220.0;1
0.9;50;[0, 1.0];[5, 5];[15, 15];[4, 4];[4, 4];57;10;1;9.33921948919088;9.33921948919088;-13.413939825122085;-13.413939825122085;230.0;1
0.9;50;[0, 1.0];[4, 4];[15, 15];[4, 4];[4, 4];57;10;1;9.340514555167868;9.340514555167868;-13.414844129778928;-13.414844129778928;240.0;1
0.9;50;[0, 1.0];[4, 4];[15, 15];[4, 4];[4, 4];57;10;1;9.341945911447993;9.341945911447993;-13.415508279684202;-13.415508279684202;250.0;1
0.9;50;[0, 1.0];[5, 5];[0, 0];[1, 1];[4, 4];57;10;1;9.343470067961404;9.343470067961404;-13.415912092121651;-13.415912092121651;260.0;1
0.9;50;[0, 1.0];[5, 5];[0, 0];[1, 1];[4, 4];57;10;1;9.34504071433525;9.34504071433525;-13.416043293948256;-13.416043293948256;270.0;1
0.9;50;[0, 1.0];[4, 4];[0, 0];[1, 1];[4, 4];57;10;1;9.346610126968166;9.346610126968166;-13.41589789492992;-13.41589789492992;280.0;1
0.9;50;[0, 1.0];[5, 5];[15, 15];[4, 4];[4, 4];57;10;1;9.348130619124145;9.348130619124145;-13.415480309432796;-13.415480309432796;290.0;1
0.9;50;[0, 1.0];[6, 6];[15, 15];[4, 4];[4, 4];57;10;1;9.349555989981257;9.349555989981257;-13.414803222718492;-13.414803222718492;300.0;1
0.9;50;[0, 1.0];[5, 5];[15, 15];[4, 4];[4, 4];57;10;1;9.350842928593211;9.350842928593211;-13.413887205854584;-13.413887205854584;310.0;1
0.9;50;[0, 1.0];[6, 6];[15, 15];[4, 4];[4, 4];57;10;1;9.351952330084412;9.351952330084412;-13.412760090899337;-13.412760090899337;320.0;1
0.9;50;[0, 1.0];[7, 7];[15, 15];[4, 4];[4, 4];57;10;1;9.352850484060767;9.352850484060767;-13.411456125317862;-13.411456125317862;330.0;1
0.9;50;[0, 1.0];[5, 5];[15, 15];[4, 4];[4, 4];57;10;1;9.35351009909936;9.35351009909936;-13.410014931312602;-13.410014931312602;340.0;1
0.9;50;[0, 1.0];[7, 7];[10, 10];[3, 3];[4, 4];57;10;1;9.353911132162196;9.353911132162196;-13.40848030169763;-13.40848030169763;350.0;1
0.9;50;[0, 1.0, 2.0];[14, 14, 4];[15, 15, 0];[4, 4, 2];[4, 4, 4];57;10;1;9.354041397711129;9.363082790646727;-13.406898868930545;-13.406857696313264;0.0;2
0.9;50;[0, 1.0, 2.0];[5, 5, 6];[0, 0, 0];[2, 2, 2];[4, 4, 4];57;10;1;9.353896938002;9.362793850578276;-13.405318687784602;-13.403697256145017;10.0;2
0.9;50;[0, 1.0, 2.0];[4, 4, 4];[0, 0, 0];[2, 2, 1];[4, 4, 4];57;10;1;9.353482143301617;9.36196422921237;-13.40378777477706;-13.400635366676026;20.0;2
0.9;50;[0, 1.0, 2.0];[4, 4, 4];[10, 10, 15];[3, 3, 4];[4, 4, 3];57;10;1;9.35280961837919;9.360619139953014;-13.402352648787232;-13.397765073330914;30.0;2
0.9;50;[0, 1.0, 2.0];[6, 6, 5];[10, 10, 10];[3, 3, 3];[4, 4, 3];57;10;1;9.351899799342483;9.358799459783567;-13.401056917258163;-13.395173595989338;40.0;2
0.9;50;[0, 1.0, 2.0];[6, 6, 10];[0, 0, 0];[2, 2, 2];[4, 4, 3];57;10;1;9.35078033248205;9.356560486376667;-13.399939950981276;-13.392939677951878;50.0;2
0.9;50;[0, 1.0, 2.0];[6, 6, 8];[0, 0, 0];[2, 2, 2];[4, 4, 3];57;10;1;9.349485234023053;9.353970256980418;-13.39903568775727;-13.391131193055969;60.0;2
0.9;50;[0, 1.0, 2.0];[7, 7, 5];[15, 15, 0];[4, 4, 2];[4, 4, 4];57;10;1;9.34805385634309;9.35110748027284;-13.398371601292654;-13.389803083685264;70.0;2
0.9;50;[0, 1.0, 2.0];[7, 7, 5];[0, 0, 10];[2, 2, 3];[4, 4, 4];57;10;1;9.346529692093162;9.348059144129682;-13.397967866651816;-13.388995692285068;80.0;2
0.9;50;[0, 1.0, 2.0];[7, 7, 6];[0, 0, 10];[2, 2, 3];[4, 4, 4];57;10;1;9.344959052579249;9.344917872078124;-13.397836747594349;-13.388733536968418;90.0;2
0.9;50;[0, 1.0, 2.0];[6, 6, 6];[0, 0, 0];[2, 2, 2];[4, 4, 4];57;10;1;9.343389660575317;9.34177910881475;-13.39798222437117;-13.38902456824616;100.0;2
0.9;50;[0, 1.0, 2.0];[5, 5, 6];[0, 0, 10];[2, 2, 3];[4, 4, 4];57;10;1;9.341869200329205;9.338738220323364;-13.398399873237308;-13.389859929258746;110.0;2
0.9;50;[0, 1.0, 2.0];[5, 5, 9];[0, 0, 0];[2, 2, 2];[4, 4, 4];57;10;1;9.340443868814043;9.335887596684044;-13.39907700128792;-13.391214226577013;120.0;2
0.9;50;[0, 1.0, 2.0];[6, 6, 4];[0, 0, 0];[2, 2, 2];[4, 4, 4];57;10;1;9.339156972230905;9.333313845547101;-13.399993032469654;-13.393046303140457;130.0;2
0.9;50;[0, 1.0, 2.0];[6, 6, 4];[0, 0, 0];[2, 2, 2];[4, 4, 4];57;10;1;9.338047610386084;9.331095161461604;-13.40112013299731;-13.3953004896833;140.0;2
0.9;50;[0, 1.0, 2.0];[6, 6, 11];[15, 15, 15];[4, 4, 4];[4, 4, 4];57;10;1;9.33714948889175;9.32929895088631;-13.402424057145954;-13.397908296518603;150.0;2
0.9;50;[0, 1.0, 2.0];[10, 10, 7];[0, 0, 0];[2, 2, 2];[4, 4, 4];57;10;1;9.336489895252994;9.327979784936092;-13.403865187710549;-13.400790494241512;160.0;2
0.9;50;[0, 1.0, 2.0];[13, 13, 5];[0, 0, 10];[2, 2, 3];[4, 4, 4];57;10;1;9.336088869926671;9.327177741965942;-13.40539973952891;-13.403859520170325;170.0;2
0.9;50;[0, 1.0, 2.0];[6, 6, 12];[10, 10, 15];[3, 3, 4];[4, 4, 4];57;10;1;9.335958597517804;9.326917190269011;-13.406981089526854;-13.40702213751632;180.0;2
0.9;50;[0, 1.0, 2.0];[6, 6, 6];[10, 10, 15];[3, 3, 4];[4, 4, 4];57;10;1;9.33610303659795;9.327206047821528;-13.408561192914307;-13.410182266650592;190.0;2
0.9;50;[0, 1.0, 2.0];[7, 7, 5];[0, 0, 15];[2, 2, 4];[4, 4, 4];57;10;1;9.336517799388467;9.328035541547962;-13.410092042552835;-13.413243902643513;200.0;2
0.9;50;[0, 1.0, 2.0];[10, 10, 4];[10, 10, 15];[3, 3, 4];[4, 4, 4];57;10;1;9.33719028496894;9.329380473439505;-13.411527127206359;-13.416114030643413;210.0;2
0.9;50;[0, 1.0, 2.0];[5, 5, 4];[15, 15, 15];[4, 4, 4];[4, 4, 4];57;10;1;9.338100061976828;9.331199985493695;-13.412822844417603;-13.418705450713713;220.0;2
0.9;50;[0, 1.0, 2.0];[5, 5, 7];[15, 15, 15];[4, 4, 4];[4, 4, 4];57;10;1;9.33921948919088;9.33343880031506;-13.413939825122085;-13.420939426461578;230.0;2
0.9;50;[0, 1.0, 2.0];[4, 4, 8];[15, 15, 0];[4, 4, 1];[4, 4, 4];57;10;1;9.340514555167868;9.336028899783264;-13.414844129778928;-13.42274807708884;240.0;2
0.9;50;[0, 1.0, 2.0];[4, 4, 0];[15, 15, 0];[4, 4, 1];[4, 4, 4];57;10;1;9.341945911447993;9.338891590891523;-13.415508279684202;-13.424076440222192;250.0;2
0.9;50;[0, 1.0, 2.0];[5, 5, 0];[0, 0, 0];[1, 1, 1];[4, 4, 4];57;10;1;9.343470067961404;9.341939896088617;-13.415912092121651;-13.424884142808809;260.0;2
0.9;50;[0, 1.0, 2.0];[5, 5, 0];[0, 0, 0];[1, 1, 1];[4, 4, 1];57;10;1;9.34504071433525;9.345081195579922;-13.416043293948256;-13.425146629201986;270.0;2
0.9;50;[0, 1.0, 2.0];[4, 4, 0];[0, 0, 0];[1, 1, 1];[4, 4, 4];57;10;1;9.346610126968166;9.348220041359212;-13.41589789492992;-13.424855908958172;280.0;2
0.9;50;[0, 1.0, 2.0];[5, 5, 0];[15, 15, 0];[4, 4, 1];[4, 4, 4];57;10;1;9.348130619124145;9.351261057490053;-13.415480309432796;-13.42402080142164;290.0;2
0.9;50;[0, 1.0, 2.0];[6, 6, 7];[15, 15, 0];[4, 4, 1];[4, 4, 4];57;10;1;9.349555989981257;9.354111838497161;-13.414803222718492;-13.422666669448603;300.0;2
0.9;50;[0, 1.0, 2.0];[5, 5, 5];[15, 15, 15];[4, 4, 4];[4, 4, 4];57;10;1;9.350842928593211;9.356685757749354;-13.413887205854584;-13.420834650156483;310.0;2
0.9;50;[0, 1.0, 2.0];[6, 6, 5];[15, 15, 15];[4, 4, 4];[4, 4, 4];57;10;1;9.351952330084412;9.358904600420392;-13.412760090899337;-13.41858040590329;320.0;2
0.9;50;[0, 1.0, 2.0];[7, 7, 7];[15, 15, 15];[4, 4, 4];[4, 4, 4];57;10;1;9.352850484060767;9.360700940923744;-13.411456125317862;-13.41597243333667;330.0;2
0.9;50;[0, 1.0, 2.0];[5, 5, 3];[15, 15, 15];[4, 4, 4];[4, 4, 4];57;10;1;9.35351009909936;9.362020192473311;-13.410014931312602;-13.413089981851112;340.0;2
0.9;50;[0, 1.0, 2.0];[7, 7, 4];[10, 10, 15];[3, 3, 4];[4, 4, 4];57;10;1;9.353911132162196;9.362822266389541;-13.40848030169763;-13.410020644735841;350.0;2
0.9;50;[0, 1.0, 2.0, 3.0];[14, 14, 4, 5];[15, 15, 0, 0];[4, 4, 2, 2];[4, 4, 4, 3];57;10;1;9.354041397711129;9.372124178802327;-13.406898868930545;-13.406816482142924;0.0;3
0.9;50;[0, 1.0, 2.0, 3.0];[5, 5, 6, 5];[0, 0, 0, 0];[2, 2, 2, 2];[4, 4, 4, 3];57;10;1;9.353896938002;9.37169073770314;-13.405318687784602;-13.402075704958122;10.0;3
0.9;50;[0, 1.0, 2.0, 3.0];[4, 4, 4, 8];[0, 0, 0, 15];[2, 2, 1, 4];[4, 4, 4, 3];57;10;1;9.353482143301617;9.370446257651293;-13.40378777477706;-13.397482775488893;20.0;3
0.9;50;[0, 1.0, 2.0, 3.0];[4, 4, 4, 5];[10, 10, 15, 15];[3, 3, 4, 4];[4, 4, 3, 3];57;10;1;9.35280961837919;9.36842856456796;-13.402352648787232;-13.39317727339389;30.0;3
0.9;50;[0, 1.0, 2.0, 3.0];[6, 6, 5, 7];[10, 10, 10, 15];[3, 3, 3, 4];[4, 4, 3, 3];57;10;1;9.351899799342483;9.365698981102506;-13.401056917258163;-13.38929003599078;40.0;3
0.9;50;[0, 1.0, 2.0, 3.0];[6, 6, 10, 8];[0, 0, 0, 15];[2, 2, 2, 4];[4, 4, 3, 3];57;10;1;9.35078033248205;9.362340461423488;-13.399939950981276;-13.38593918079779;50.0;3
0.9;50;[0, 1.0, 2.0, 3.0];[6, 6, 8, 8];[0, 0, 0, 0];[2, 2, 2, 2];[4, 4, 3, 3];57;10;1;9.349485234023053;9.35845506861552;-13.39903568775727;-13.383226515901363;60.0;3
0.9;50;[0, 1.0, 2.0, 3.0];[7, 7, 5, 8];[15, 15, 0, 15];[4, 4, 2, 4];[4, 4, 4, 3];57;10;1;9.34805385634309;9.354160871584838;-13.398371601292654;-13.381234447300955;70.0;3
0.9;50;[0, 1.0, 2.0, 3.0];[7, 7, 5, 10];[0, 0, 10, 0];[2, 2, 3, 2];[4, 4, 4, 3];57;10;1;9.346529692093162;9.34958835599838;-13.397967866651816;-13.380023477107752;80.0;3
0.9;50;[0, 1.0, 2.0, 3.0];[7, 7, 6, 8];[0, 0, 10, 0];[2, 2, 3, 2];[4, 4, 4, 3];57;10;1;9.344959052579249;9.34487645850177;-13.397836747594349;-13.379630368359331;90.0;3
0.9;50;[0, 1.0, 2.0, 3.0];[6, 6, 6, 7];[0, 0, 0, 0];[2, 2, 2, 2];[4, 4, 4, 3];57;10;1;9.343389660575317;9.340168344838956;-13.39798222437117;-13.380067031827682;100.0;3
0.9;50;[0, 1.0, 2.0, 3.0];[5, 5, 6, 8];[0, 0, 10, 10];[2, 2, 3, 3];[4, 4, 4, 3];57;10;1;9.341869200329205;9.335607060194093;-13.398399873237308;-13.381320168178304;110.0;3
0.9;50;[0, 1.0, 2.0, 3.0];[5, 5, 9, 6];[0, 0, 0, 0];[2, 2, 2, 2];[4, 4, 4, 4];57;10;1;9.340443868814043;9.331331183870644;-13.39907700128792;-13.383351675862025;120.0;3
0.9;50;[0, 1.0, 2.0, 3.0];[6, 6, 4, 2];[0, 0, 0, 10];[2, 2, 2, 3];[4, 4, 4, 4];57;10;1;9.339156972230905;9.327470620209757;-13.399993032469654;-13.386099811889316;130.0;3
0.9;50;[0, 1.0, 2.0, 3.0];[6, 6, 4, 8];[0, 0, 0, 15];[2, 2, 2, 4];[4, 4, 4, 4];57;10;1;9.338047610386084;9.324142653445463;-13.40112013299731;-13.389481069850032;140.0;3
0.9;50;[0, 1.0, 2.0, 3.0];[6, 6, 11, 6];[15, 15, 15, 0];[4, 4, 4, 2];[4, 4, 4, 4];57;10;1;9.33714948889175;9.321448386133975;-13.402424057145954;-13.393392717880873;150.0;3
0.9;50;[0, 1.0, 2.0, 3.0];[10, 10, 7, 9];[0, 0, 0, 15];[2, 2, 2, 4];[4, 4, 4, 4];57;10;1;9.336489895252994;9.319469669127054;-13.403865187710549;-13.397715919390192;160.0;3
0.9;50;[0, 1.0, 2.0, 3.0];[13, 13, 5, 4];[0, 0, 10, 10];[2, 2, 3, 3];[4, 4, 4, 4];57;10;1;9.336088869926671;9.318266616141534;-13.40539973952891;-13.402319341810227;170.0;3
0.9;50;[0, 1.0, 2.0, 3.0];[6, 6, 12, 4];[10, 10, 15, 15];[3, 3, 4, 4];[4, 4, 4, 4];57;10;1;9.335958597517804;9.317875778258088;-13.406981089526854;-13.407063143973618;180.0;3
0.9;50;[0, 1.0, 2.0, 3.0];[6, 6, 6, 5];[10, 10, 15, 15];[3, 3, 4, 4];[4, 4, 4, 4];57;10;1;9.33610303659795;9.31830903369642;-13.408561192914307;-13.411803221331912;190.0;3
0.9;50;[0, 1.0, 2.0, 3.0];[7, 7, 5, 9];[0, 0, 15, 15];[2, 2, 4, 4];[4, 4, 4, 4];57;10;1;9.336517799388467;9.319553226559432;-13.410092042552835;-13.416395580479954;200.0;3
0.9;50;[0, 1.0, 2.0, 3.0];[10, 10, 4, 0];[10, 10, 15, 0];[3, 3, 4, 1];[4, 4, 4, 1];57;10;1;9.33719028496894;9.321570565565176;-13.411527127206359;-13.420700710548262;210.0;3
0.9;50;[0, 1.0, 2.0, 3.0];[5, 5, 4, 0];[15, 15, 15, 0];[4, 4, 4, 1];[4, 4, 4, 1];57;10;1;9.338100061976828;9.324299770771297;-13.412822844417603;-13.424587819091064;220.0;3
0.9;50;[0, 1.0, 2.0, 3.0];[5, 5, 7, 0];[15, 15, 15, 0];[4, 4, 4, 1];[4, 4, 4, 1];57;10;1;9.33921948919088;9.327657933632901;-13.413939825122085;-13.427938804132541;230.0;3
0.9;50;[0, 1.0, 2.0, 3.0];[4, 4, 8, 0];[15, 15, 0, 0];[4, 4, 1, 1];[4, 4, 4, 1];57;10;1;9.340514555167868;9.331543034102808;-13.414844129778928;-13.43065184192456;240.0;3
0.9;50;[0, 1.0, 2.0, 3.0];[4, 4, 0, 0];[15, 15, 0, 0];[4, 4, 1, 1];[4, 4, 4, 1];57;10;1;9.341945911447993;9.335837038535061;-13.415508279684202;-13.432644481490922;250.0;3
0.9;50;[0, 1.0, 2.0, 3.0];[5, 5, 0, 0];[0, 0, 0, 0];[1, 1, 1, 1];[4, 4, 4, 1];57;10;1;9.343470067961404;9.340409484492907;-13.415912092121651;-13.433856151853524;260.0;3
0.9;50;[0, 1.0, 2.0, 3.0];[5, 5, 0, 0];[0, 0, 0, 0];[1, 1, 1, 1];[4, 4, 1, 1];57;10;1;9.34504071433525;9.345121443728948;-13.416043293948256;-13.434250005524056;270.0;3
0.9;50;[0, 1.0, 2.0, 3.0];[4, 4, 0, 0];[0, 0, 0, 0];[1, 1, 1, 1];[4, 4, 4, 1];57;10;1;9.346610126968166;9.349829743052547;-13.41589789492992;-13.433814041881973;280.0;3
0.9;50;[0, 1.0, 2.0, 3.0];[5, 5, 0, 0];[15, 15, 0, 0];[4, 4, 1, 1];[4, 4, 4, 4];57;10;1;9.348130619124145;9.354391314886131;-13.415480309432796;-13.432561475852445;290.0;3
0.9;50;[0, 1.0, 2.0, 3.0];[6, 6, 7, 0];[15, 15, 0, 0];[4, 4, 1, 1];[4, 4, 4, 1];57;10;1;9.349555989981257;9.35866754528706;-13.414803222718492;-13.430530340195517;300.0;3
0.9;50;[0, 1.0, 2.0, 3.0];[5, 5, 5, 0];[15, 15, 15, 0];[4, 4, 4, 1];[4, 4, 4, 1];57;10;1;9.350842928593211;9.36252848720724;-13.413887205854584;-13.427782333028778;310.0;3
0.9;50;[0, 1.0, 2.0, 3.0];[6, 6, 5, 0];[15, 15, 15, 0];[4, 4, 4, 1];[4, 4, 4, 4];57;10;1;9.351952330084412;9.365856810788975;-13.412760090899337;-13.424400945219851;320.0;3
0.9;50;[0, 1.0, 2.0, 3.0];[7, 7, 7, 7];[15, 15, 15, 0];[4, 4, 4, 2];[4, 4, 4, 4];57;10;1;9.352850484060767;9.368551370438624;-13.411456125317862;-13.420488924293595;330.0;3
0.9;50;[0, 1.0, 2.0, 3.0];[5, 5, 3, 1];[15, 15, 15, 10];[4, 4, 4, 3];[4, 4, 4, 4];57;10;1;9.35351009909936;9.370530280044095;-13.410014931312602;-13.416165151818317;340.0;3
0.9;50;[0, 1.0, 2.0, 3.0];[7, 7, 4, 5];[10, 10, 15, 10];[3, 3, 4, 3];[4, 4, 4, 4];57;10;1;9.353911132162196;9.371733402658306;-13.40848030169763;-13.4115610292287;350.0;3
0.9;50;[0, 1.0, 2.0, 3.0, 4.0];[14, 14, 4, 5, 5];[15, 15, 0, 0, 0];[4, 4, 2, 2, 2];[4, 4, 4, 3, 3];57;10;1;9.354041397711129;9.381165562173466;-13.406898868930545;-13.406775226414291;0.0;4
0.9;50;[0, 1.0, 2.0, 3.0, 4.0];[5, 5, 6, 5, 5];[0, 0, 0, 0, 10];[2, 2, 2, 2, 3];[4, 4, 4, 3, 3];57;10;1;9.353896938002;9.380587599350912;-13.405318687784602;-13.400454034100775;10.0;4
0.9;50;[0, 1.0, 2.0, 3.0, 4.0];[4, 4, 4, 8, 3];[0, 0, 0, 15, 15];[2, 2, 1, 4, 4];[4, 4, 4, 3, 3];57;10;1;9.353482143301617;9.378928228537413;-13.40378777477706;-13.394330001007614;20.0;4
0.9;50;[0, 1.0, 2.0, 3.0, 4.0];[4, 4, 4, 5, 4];[10, 10, 15, 15, 15];[3, 3, 4, 4, 4];[4, 4, 3, 3, 3];57;10;1;9.35280961837919;9.376237892070504;-13.402352648787232;-13.388589248738976;30.0;4
0.9;50;[0, 1.0, 2.0, 3.0, 4.0];[6, 6, 5, 7, 3];[10, 10, 10, 15, 15];[3, 3, 3, 4, 4];[4, 4, 3, 3, 3];57;10;1;9.351899799342483;9.372598363078565;-13.401056917258163;-13.383406237059724;40.0;4
0.9;50;[0, 1.0, 2.0, 3.0, 4.0];[6, 6, 10, 8, 10];[0, 0, 0, 15, 15];[2, 2, 2, 4, 4];[4, 4, 3, 3, 3];57;10;1;9.35078033248205;9.368120257362136;-13.399939950981276;-13.37893845940501;50.0;4
0.9;50;[0, 1.0, 2.0, 3.0, 4.0];[6, 6, 8, 8, 7];[0, 0, 0, 0, 15];[2, 2, 2, 2, 4];[4, 4, 3, 3, 3];57;10;1;9.349485234023053;9.36293966867177;-13.39903568775727;-13.375321656298745;60.0;4
0.9;50;[0, 1.0, 2.0, 3.0, 4.0];[7, 7, 5, 8, 8];[15, 15, 0, 15, 15];[4, 4, 2, 4, 4];[4, 4, 4, 3, 3];57;10;1;9.34805385634309;9.357214030074699;-13.398371601292654;-13.372665692262883;70.0;4
0.9;50;[0, 1.0, 2.0, 3.0, 4.0];[7, 7, 5, 10, 12];[0, 0, 10, 0, 15];[2, 2, 3, 2, 4];[4, 4, 4, 3, 3];57;10;1;9.346529692093162;9.351117327588097;-13.397967866651816;-13.371051221327868;80.0;4
0.9;50;[0, 1.0, 2.0, 3.0, 4.0];[7, 7, 6, 8, 7];[0, 0, 10, 0, 15];[2, 2, 3, 2, 4];[4, 4, 4, 3, 3];57;10;1;9.344959052579249;9.344834811855357;-13.397836747594349;-13.370527242004192;90.0;4
0.9;50;[0, 1.0, 2.0, 3.0, 4.0];[6, 6, 6, 7, 11];[0, 0, 0, 0, 15];[2, 2, 2, 2, 4];[4, 4, 4, 3, 3];57;10;1;9.343389660575317;9.338557368768605;-13.39798222437117;-13.371109615318423;100.0;4
0.9;50;[0, 1.0, 2.0, 3.0, 4.0];[5, 5, 6, 8, 9];[0, 0, 10, 10, 0];[2, 2, 3, 3, 2];[4, 4, 4, 3, 3];57;10;1;9.341869200329205;9.332475720153017;-13.398399873237308;-13.372780590109949;110.0;4
0.9;50;[0, 1.0, 2.0, 3.0, 4.0];[5, 5, 9, 6, 5];[0, 0, 0, 0, 0];[2, 2, 2, 2, 2];[4, 4, 4, 4, 4];57;10;1;9.340443868814043;9.326774630634496;-13.39907700128792;-13.375489349137675;120.0;4
0.9;50;[0, 1.0, 2.0, 3.0, 4.0];[6, 6, 4, 2, 7];[0, 0, 0, 10, 0];[2, 2, 2, 3, 2];[4, 4, 4, 4, 4];57;10;1;9.339156972230905;9.321627296480015;-13.399993032469654;-13.379153558593135;130.0;4
0.9;50;[0, 1.0, 2.0, 3.0, 4.0];[6, 6, 4, 8, 5];[0, 0, 0, 15, 15];[2, 2, 2, 4, 4];[4, 4, 4, 4, 4];57;10;1;9.338047610386084;9.317190086556568;-13.40112013299731;-13.383661873289574;140.0;4
0.9;50;[0, 1.0, 2.0, 3.0, 4.0];[6, 6, 11, 6, 7];[15, 15, 15, 0, 10];[4, 4, 4, 2, 3];[4, 4, 4, 4, 4];57;10;1;9.33714948889175;9.313597794785007;-13.402424057145954;-13.388877320995707;150.0;4
0.9;50;[0, 1.0, 2.0, 3.0, 4.0];[10, 10, 7, 9, 7];[0, 0, 0, 15, 15];[2, 2, 2, 4, 4];[4, 4, 4, 4, 4];57;10;1;9.336489895252994;9.310959547903618;-13.403865187710549;-13.394641462953912;160.0;4
0.9;50;[0, 1.0, 2.0, 3.0, 4.0];[13, 13, 5, 4, 4];[0, 0, 10, 10, 10];[2, 2, 3, 3, 3];[4, 4, 4, 4, 4];57;10;1;9.336088869926671;9.30935549247717;-13.40539973952891;-13.400779204334611;170.0;4
0.9;50;[0, 1.0, 2.0, 3.0, 4.0];[6, 6, 12, 4, 4];[10, 10, 15, 15, 15];[3, 3, 4, 4, 4];[4, 4, 4, 4, 4];57;10;1;9.335958597517804;9.3088343614895;-13.406981089526854;-13.407104108903953;180.0;4
0.9;50;[0, 1.0, 2.0, 3.0, 4.0];[6, 6, 6, 5, 4];[10, 10, 15, 15, 0];[3, 3, 4, 4, 1];[4, 4, 4, 4, 4];57;10;1;9.33610303659795;9.309411994248284;-13.408561192914307;-13.413424057081285;190.0;4
0.9;50;[0, 1.0, 2.0, 3.0, 4.0];[7, 7, 5, 9, 0];[0, 0, 15, 15, 0];[2, 2, 4, 4, 1];[4, 4, 4, 4, 1];57;10;1;9.336517799388467;9.311070854503798;-13.410092042552835;-13.419547076270053;200.0;4
0.9;50;[0, 1.0, 2.0, 3.0, 4.0];[10, 10, 4, 0, 0];[10, 10, 15, 0, 0];[3, 3, 4, 1, 1];[4, 4, 4, 1, 1];57;10;1;9.33719028496894;9.313760561499418;-13.411527127206359;-13.425287167157968;210.0;4
0.9;50;[0, 1.0, 2.0, 3.0, 4.0];[5, 5, 4, 0, 0];[15, 15, 15, 0, 0];[4, 4, 4, 1, 1];[4, 4, 4, 1, 1];57;10;1;9.338100061976828;9.317399418030336;-13.412822844417603;-13.430469949752393;220.0;4
0.9;50;[0, 1.0, 2.0, 3.0, 4.0];[5, 5, 7, 0, 0];[15, 15, 15, 0, 0];[4, 4, 4, 1, 1];[4, 4, 4, 1, 1];57;10;1;9.33921948919088;9.321876889404761;-13.413939825122085;-13.434937958249051;230.0;4
0.9;50;[0, 1.0, 2.0, 3.0, 4.0];[4, 4, 8, 0, 0];[15, 15, 0, 0, 0];[4, 4, 1, 1, 1];[4, 4, 4, 1, 1];57;10;1;9.340514555167868;9.32705695838313;-13.414844129778928;-13.438555424280938;240.0;4
0.9;50;[0, 1.0, 2.0, 3.0, 4.0];[4, 4, 0, 0, 0];[15, 15, 0, 0, 0];[4, 4, 1, 1, 1];[4, 4, 4, 1, 1];57;10;1;9.341945911447993;9.332782254583103;-13.415508279684202;-13.441212403367384;250.0;4
0.9;50;[0, 1.0, 2.0, 3.0, 4.0];[5, 5, 0, 0, 0];[0, 0, 0, 0, 0];[1, 1, 1, 1, 1];[4, 4, 4, 1, 1];57;10;1;9.343470067961404;9.338878833285571;-13.415912092121651;-13.442828119047872;260.0;4
0.9;50;[0, 1.0, 2.0, 3.0, 4.0];[5, 5, 0, 0, 0];[0, 0, 0, 0, 0];[1, 1, 1, 1, 1];[4, 4, 1, 1, 1];57;10;1;9.34504071433525;9.345161458777302;-13.416043293948256;-13.44335342267733;270.0;4
0.9;50;[0, 1.0, 2.0, 3.0, 4.0];[4, 4, 0, 0, 0];[0, 0, 0, 0, 0];[1, 1, 1, 1, 1];[4, 4, 4, 1, 1];57;10;1;9.346610126968166;9.351439231927607;-13.41589789492992;-13.442772293498523;280.0;4
0.9;50;[0, 1.0, 2.0, 3.0, 4.0];[5, 5, 0, 0, 0];[15, 15, 0, 0, 0];[4, 4, 1, 1, 1];[4, 4, 4, 4, 1];57;10;1;9.348130619124145;9.357521391100812;-13.415480309432796;-13.441102332611097;290.0;4
0.9;50;[0, 1.0, 2.0, 3.0, 4.0];[6, 6, 7, 0, 0];[15, 15, 0, 0, 0];[4, 4, 1, 1, 1];[4, 4, 4, 1, 1];57;10;1;9.349555989981257;9.363223110090294;-13.414803222718492;-13.438394234964404;300.0;4
0.9;50;[0, 1.0, 2.0, 3.0, 4.0];[5, 5, 5, 0, 0];[15, 15, 15, 0, 0];[4, 4, 4, 1, 1];[4, 4, 4, 1, 1];57;10;1;9.350842928593211;9.368371116705651;-13.413887205854584;-13.434730254594541;310.0;4
0.9;50;[0, 1.0, 2.0, 3.0, 4.0];[6, 6, 5, 0, 0];[15, 15, 15, 0, 0];[4, 4, 4, 1, 1];[4, 4, 4, 4, 1];57;10;1;9.351952330084412;9.372808960971204;-13.412760090899337;-13.430221709057024;320.0;4
0.9;50;[0, 1.0, 2.0, 3.0, 4.0];[7, 7, 7, 7, 0];[15, 15, 15, 0, 0];[4, 4, 4, 2, 1];[4, 4, 4, 4, 1];57;10;1;9.352850484060767;9.376401772455072;-13.411456125317862;-13.425005598425834;330.0;4
0.9;50;[0, 1.0, 2.0, 3.0, 4.0];[5, 5, 3, 1, 4];[15, 15, 15, 10, 15];[4, 4, 4, 3, 4];[4, 4, 4, 4, 4];57;10;1;9.35351009909936;9.379040361733932;-13.410014931312602;-13.419240441417033;340.0;4
0.9;50;[0, 1.0, 2.0, 3.0, 4.0];[7, 7, 4, 5, 5];[10, 10, 15, 10, 15];[3, 3, 4, 3, 4];[4, 4, 4, 4, 4];57;10;1;9.353911132162196;9.380644540944768;-13.40848030169763;-13.413101455290287;350.0;4
0.9;50;[0, 1.0, 2.0, 3.0, 4.0, 5.0];[14, 14, 4, 5, 5, 14];[15, 15, 0, 0, 0, 15];[4, 4, 2, 2, 2, 4];[4, 4, 4, 3, 3, 3];57;10;1;9.354041397711129;9.39020694075568;-13.406898868930545;-13.40673392912212;0.0;5
0.9;50;[0, 1.0, 2.0, 3.0, 4.0, 5.0];[5, 5, 6, 5, 5, 3];[0, 0, 0, 0, 10, 10];[2, 2, 2, 2, 3, 3];[4, 4, 4, 3, 3, 3];57;10;1;9.353896938002;9.389484435495888;-13.405318687784602;-13.398832243449812;10.0;5
0.9;50;[0, 1.0, 2.0, 3.0, 4.0, 5.0];[4, 4, 4, 8, 3, 5];[0, 0, 0, 15, 15, 10];[2, 2, 1, 4, 4, 3];[4, 4, 4, 3, 3, 3];57;10;1;9.353482143301617;9.387410141789763;-13.40378777477706;-13.391177043024113;20.0;5
0.9;50;[0, 1.0, 2.0, 3.0, 4.0, 5.0];[4, 4, 4, 5, 4, 7];[10, 10, 15, 15, 15, 0];[3, 3, 4, 4, 4, 2];[4, 4, 3, 3, 3, 3];57;10;1;9.35280961837919;9.384047122307113;-13.402352648787232;-13.384000999128965;30.0;5
0.9;50;[0, 1.0, 2.0, 3.0, 4.0, 5.0];[6, 6, 5, 7, 3, 12];[10, 10, 10, 15, 15, 15];[3, 3, 3, 4, 4, 4];[4, 4, 3, 3, 3, 3];57;10;1;9.351899799342483;9.379497605490984;-13.401056917258163;-13.377522198993415;40.0;5
0.9;50;[0, 1.0, 2.0, 3.0, 4.0, 5.0];[6, 6, 10, 8, 10, 11];[0, 0, 0, 15, 15, 15];[2, 2, 2, 4, 4, 4];[4, 4, 3, 3, 3, 3];57;10;1;9.35078033248205;9.373899873932238;-13.399939950981276;-13.371937513659555;50.0;5
0.9;50;[0, 1.0, 2.0, 3.0, 4.0, 5.0];[6, 6, 8, 8, 7, 10];[0, 0, 0, 0, 15, 15];[2, 2, 2, 2, 4, 4];[4, 4, 3, 3, 3, 3];57;10;1;9.349485234023053;9.367424056892599;-13.39903568775727;-13.367416614253438;60.0;5
0.9;50;[0, 1.0, 2.0, 3.0, 4.0, 5.0];[7, 7, 5, 8, 8, 10];[15, 15, 0, 15, 15, 15];[4, 4, 2, 4, 4, 4];[4, 4, 4, 3, 3, 3];57;10;1;9.34805385634309;9.360266955538057;-13.398371601292654;-13.364096818694234;70.0;5
0.9;50;[0, 1.0, 2.0, 3.0, 4.0, 5.0];[7, 7, 5, 10, 12, 13];[0, 0, 10, 0, 15, 15];[2, 2, 3, 2, 4, 4];[4, 4, 4, 3, 3, 3];57;10;1;9.346529692093162;9.352646058787716;-13.397967866651816;-13.362078925153433;80.0;5
0.9;50;[0, 1.0, 2.0, 3.0, 4.0, 5.0];[7, 7, 6, 8, 7, 18];[0, 0, 10, 0, 15, 15];[2, 2, 3, 2, 4, 4];[4, 4, 4, 3, 3, 3];57;10;1;9.344959052579249;9.344792932144097;-13.397836747594349;-13.36142415814011;90.0;5
0.9;50;[0, 1.0, 2.0, 3.0, 4.0, 5.0];[6, 6, 6, 7, 11, 9];[0, 0, 0, 0, 15, 0];[2, 2, 2, 2, 4, 2];[4, 4, 4, 3, 3, 3];57;10;1;9.343389660575317;9.336946180724393;-13.39798222437117;-13.362152318921044;100.0;5
0.9;50;[0, 1.0, 2.0, 3.0, 4.0, 5.0];[5, 5, 6, 8, 9, 9];[0, 0, 10, 10, 0, 0];[2, 2, 3, 3, 2, 2];[4, 4, 4, 3, 3, 3];57;10;1;9.341869200329205;9.32934420041176;-13.398399873237308;-13.364241195167617;110.0;5
0.9;50;[0, 1.0, 2.0, 3.0, 4.0, 5.0];[5, 5, 9, 6, 5, 15];[0, 0, 0, 0, 0, 15];[2, 2, 2, 2, 2, 4];[4, 4, 4, 4, 4, 3];57;10;1;9.340443868814043;9.322217937236248;-13.39907700128792;-13.367627246398666;120.0;5
0.9;50;[0, 1.0, 2.0, 3.0, 4.0, 5.0];[6, 6, 4, 2, 7, 7];[0, 0, 0, 10, 0, 15];[2, 2, 2, 3, 2, 4];[4, 4, 4, 4, 4, 3];57;10;1;9.339156972230905;9.315783874619036;-13.399993032469654;-13.372207543128813;130.0;5
0.9;50;[0, 1.0, 2.0, 3.0, 4.0, 5.0];[6, 6, 4, 8, 5, 6];[0, 0, 0, 15, 15, 15];[2, 2, 2, 4, 4, 4];[4, 4, 4, 4, 4, 4];57;10;1;9.338047610386084;9.310237461013806;-13.40112013299731;-13.377842899794018;140.0;5
0.9;50;[0, 1.0, 2.0, 3.0, 4.0, 5.0];[6, 6, 11, 6, 7, 3];[15, 15, 15, 0, 10, 10];[4, 4, 4, 2, 3, 3];[4, 4, 4, 4, 4, 4];57;10;1;9.33714948889175;9.305747176989678;-13.402424057145954;-13.38436210562608;150.0;5
0.9;50;[0, 1.0, 2.0, 3.0, 4.0, 5.0];[10, 10, 7, 9, 7, 6];[0, 0, 0, 15, 15, 0];[2, 2, 2, 4, 4, 2];[4, 4, 4, 4, 4, 4];57;10;1;9.336489895252994;9.30244942134353;-13.403865187710549;-13.391567124730026;160.0;5
0.9;50;[0, 1.0, 2.0, 3.0, 4.0, 5.0];[13, 13, 5, 4, 4, 4];[0, 0, 10, 10, 10, 10];[2, 2, 3, 3, 3, 3];[4, 4, 4, 4, 4, 4];57;10;1;9.336088869926671;9.300444370996567;-13.40539973952891;-13.39923910762949;170.0;5
0.9;50;[0, 1.0, 2.0, 3.0, 4.0, 5.0];[6, 6, 12, 4, 4, 6];[10, 10, 15, 15, 15, 15];[3, 3, 4, 4, 4, 4];[4, 4, 4, 4, 4, 4];57;10;1;9.335958597517804;9.299792939967716;-13.406981089526854;-13.407145032312528;180.0;5
0.9;50;[0, 1.0, 2.0, 3.0, 4.0, 5.0];[6, 6, 6, 5, 4, 0];[10, 10, 15, 15, 0, 0];[3, 3, 4, 4, 1, 1];[4, 4, 4, 4, 4, 1];57;10;1;9.33610303659795;9.300514929502802;-13.408561192914307;-13.415044774021718;190.0;5
0.9;50;[0, 1.0, 2.0, 3.0, 4.0, 5.0];[7, 7, 5, 9, 0, 0];[0, 0, 15, 15, 0, 0];[2, 2, 4, 4, 1, 1];[4, 4, 4, 4, 1, 1];57;10;1;9.336517799388467;9.302588425461995;-13.410092042552835;-13.42269839022167;200.0;5
0.9;50;[0, 1.0, 2.0, 3.0, 4.0, 5.0];[10, 10, 4, 0, 0, 0];[10, 10, 15, 0, 0, 0];[3, 3, 4, 1, 1, 1];[4, 4, 4, 1, 1, 1];57;10;1;9.33719028496894;9.305950461395685;-13.411527127206359;-13.429873400709578;210.0;5
0.9;50;[0, 1.0, 2.0, 3.0, 4.0, 5.0];[5, 5, 4, 0, 0, 0];[15, 15, 15, 0, 0, 0];[4, 4, 4, 1, 1, 1];[4, 4, 4, 1, 1, 1];57;10;1;9.338100061976828;9.3104989274915;-13.412822844417603;-13.436351842900425;220.0;5
0.9;50;[0, 1.0, 2.0, 3.0, 4.0, 5.0];[5, 5, 7, 0, 0, 0];[15, 15, 15, 0, 0, 0];[4, 4, 4, 1, 1, 1];[4, 4, 4, 1, 1, 1];57;10;1;9.33921948919088;9.316095667891002;-13.413939825122085;-13.441936888925206;230.0;5
0.9;50;[0, 1.0, 2.0, 3.0, 4.0, 5.0];[4, 4, 8, 0, 0, 0];[15, 15, 0, 0, 0, 0];[4, 4, 1, 1, 1, 1];[4, 4, 4, 1, 1, 1];57;10;1;9.340514555167868;9.322570672880865;-13.414844129778928;-13.44645882415285;240.0;5
0.9;50;[0, 1.0, 2.0, 3.0, 4.0, 5.0];[4, 4, 0, 0, 0, 0];[15, 15, 0, 0, 0, 0];[4, 4, 1, 1, 1, 1];[4, 4, 4, 1, 1, 1];57;10;1;9.341945911447993;9.329727239240157;-13.415508279684202;-13.44978020572859;250.0;5
0.9;50;[0, 1.0, 2.0, 3.0, 4.0, 5.0];[5, 5, 0, 0, 0, 0];[0, 0, 0, 0, 0, 0];[1, 1, 1, 1, 1, 1];[4, 4, 4, 1, 1, 1];57;10;1;9.343470067961404;9.337347942577933;-13.415912092121651;-13.451800044183937;260.0;5
0.9;50;[0, 1.0, 2.0, 3.0, 4.0, 5.0];[5, 5, 0, 0, 0, 0];[0, 0, 0, 0, 0, 0];[1, 1, 1, 1, 1, 1];[4, 4, 1, 1, 1, 1];57;10;1;9.34504071433525;9.345201240719978;-13.416043293948256;-13.452456880424663;270.0;5
0.9;50;[0, 1.0, 2.0, 3.0, 4.0, 5.0];[4, 4, 0, 0, 0, 0];[0, 0, 0, 0, 0, 0];[1, 1, 1, 1, 1, 1];[4, 4, 4, 1, 1, 1];57;10;1;9.346610126968166;9.353048507863855;-13.41589789492992;-13.451730663604994;280.0;5
0.9;50;[0, 1.0, 2.0, 3.0, 4.0, 5.0];[5, 5, 0, 0, 0, 0];[15, 15, 0, 0, 0, 0];[4, 4, 1, 1, 1, 1];[4, 4, 4, 4, 1, 1];57;10;1;9.348130619124145;9.360651285922536;-13.415480309432796;-13.44964337158345;290.0;5
0.9;50;[0, 1.0, 2.0, 3.0, 4.0, 5.0];[6, 6, 7, 0, 0, 0];[15, 15, 0, 0, 0, 0];[4, 4, 1, 1, 1, 1];[4, 4, 4, 1, 1, 1];57;10;1;9.349555989981257;9.367778532646202;-13.414803222718492;-13.446258353760404;300.0;5
0.9;50;[0, 1.0, 2.0, 3.0, 4.0, 5.0];[5, 5, 5, 0, 0, 0];[15, 15, 15, 0, 0, 0];[4, 4, 4, 1, 1, 1];[4, 4, 4, 1, 1, 1];57;10;1;9.350842928593211;9.374213645983376;-13.413887205854584;-13.44167841497684;310.0;5
0.9;50;[0, 1.0, 2.0, 3.0, 4.0, 5.0];[6, 6, 5, 0, 0, 0];[15, 15, 15, 0, 0, 0];[4, 4, 4, 1, 1, 1];[4, 4, 4, 4, 1, 1];57;10;1;9.351952330084412;9.3797610507481;-13.412760090899337;-13.436042697622835;320.0;5
0.9;50;[0, 1.0, 2.0, 3.0, 4.0, 5.0];[7, 7, 7, 7, 0, 0];[15, 15, 15, 0, 0, 0];[4, 4, 4, 2, 1, 1];[4, 4, 4, 4, 1, 1];57;10;1;9.352850484060767;9.384252146822757;-13.411456125317862;-13.429522455970611;330.0;5
0.9;50;[0, 1.0, 2.0, 3.0, 4.0, 5.0];[5, 5, 3, 1, 4, 5];[15, 15, 15, 10, 15, 0];[4, 4, 4, 3, 4, 1];[4, 4, 4, 4, 4, 4];57;10;1;9.35351009909936;9.387550437465059;-13.410014931312602;-13.422315850850104;340.0;5
0.9;50;[0, 1.0, 2.0, 3.0, 4.0, 5.0];[7, 7, 4, 5, 5, 4];[10, 10, 15, 10, 15, 10];[3, 3, 4, 3, 4, 3];[4, 4, 4, 4, 4, 3];57;10;1;9.353911132162196;9.3895556812252;-13.40848030169763;-13.414641923034688;350.0;5
0.9;50;[0, 1.0, 2.0, 3.0, 4.0, 5.0, 6.0];[14, 14, 4, 5, 5, 14, 4];[15, 15, 0, 0, 0, 15, 10];[4, 4, 2, 2, 2, 4, 3];[4, 4, 4, 3, 3, 3, 3];57;10;1;9.354041397711129;9.3992483145445;-13.406898868930545;-13.406692590261171;0.0;6
0.9;50;[0, 1.0, 2.0, 3.0, 4.0, 5.0, 6.0];[5, 5, 6, 5, 5, 3, 3];[0, 0, 0, 0, 10, 10, 10];[2, 2, 2, 2, 3, 3, 3];[4, 4, 4, 3, 3, 3, 3];57;10;1;9.353896938002;9.398381246112391;-13.405318687784602;-13.39721033288204;10.0;6
0.9;50;[0, 1.0, 2.0, 3.0, 4.0, 5.0, 6.0];[4, 4, 4, 8, 3, 5, 6];[0, 0, 0, 15, 15, 10, 15];[2, 2, 1, 4, 4, 3, 4];[4, 4, 4, 3, 3, 3, 3];57;10;1;9.353482143301617;9.395891997327345;-13.40378777477706;-13.388023901330293;20.0;6
0.9;50;[0, 1.0, 2.0, 3.0, 4.0, 5.0, 6.0];[4, 4, 4, 5, 4, 7, 6];[10, 10, 15, 15, 15, 0, 0];[3, 3, 4, 4, 4, 2, 2];[4, 4, 3, 3, 3, 3, 3];57;10;1;9.35280961837919;9.391856255124233;-13.402352648787232;-13.379412524326632;30.0;6
0.9;50;[0, 1.0, 2.0, 3.0, 4.0, 5.0, 6.0];[6, 6, 5, 7, 3, 12, 10];[10, 10, 10, 15, 15, 15, 15];[3, 3, 3, 4, 4, 4, 4];[4, 4, 3, 3, 3, 3, 3];57;10;1;9.351899799342483;9.386396708118998;-13.401056917258163;-13.371637921589082;40.0;6
0.9;50;[0, 1.0, 2.0, 3.0, 4.0, 5.0, 6.0];[6, 6, 10, 8, 10, 11, 27];[0, 0, 0, 15, 15, 15, 15];[2, 2, 2, 4, 4, 4, 4];[4, 4, 3, 3, 3, 3, 3];57;10;1;9.35078033248205;9.379679310873422;-13.399939950981276;-13.364936343447448;50.0;6
0.9;50;[0, 1.0, 2.0, 3.0, 4.0, 5.0, 6.0];[6, 6, 8, 8, 7, 10, 9];[0, 0, 0, 0, 15, 15, 0];[2, 2, 2, 2, 4, 4, 2];[4, 4, 3, 3, 3, 3, 3];57;10;1;9.349485234023053;9.371908233021445;-13.39903568775727;-13.359511389770793;60.0;6
0.9;50;[0, 1.0, 2.0, 3.0, 4.0, 5.0, 6.0];[7, 7, 5, 8, 8, 10, 10];[15, 15, 0, 15, 15, 15, 15];[4, 4, 2, 4, 4, 4, 4];[4, 4, 4, 3, 3, 3, 3];57;10;1;9.34805385634309;9.363319647770567;-13.398371601292654;-13.355527826718218;70.0;6
0.9;50;[0, 1.0, 2.0, 3.0, 4.0, 5.0, 6.0];[7, 7, 5, 10, 12, 13, 23];[0, 0, 10, 0, 15, 15, 15];[2, 2, 3, 2, 4, 4, 4];[4, 4, 4, 3, 3, 3, 3];57;10;1;9.346529692093162;9.354174549486137;-13.397967866651816;-13.353106588792485;80.0;6
0.9;50;[0, 1.0, 2.0, 3.0, 4.0, 5.0, 6.0];[7, 7, 6, 8, 7, 18, 24];[0, 0, 10, 0, 15, 15, 15];[2, 2, 3, 2, 4, 4, 4];[4, 4, 4, 3, 3, 3, 3];57;10;1;9.344959052579249;9.344750819373223;-13.397836747594349;-13.352321117004182;90.0;6
0.9;50;[0, 1.0, 2.0, 3.0, 4.0, 5.0, 6.0];[6, 6, 6, 7, 11, 9, 5];[0, 0, 0, 0, 15, 0, 15];[2, 2, 2, 2, 4, 2, 4];[4, 4, 4, 3, 3, 3, 3];57;10;1;9.343389660575317;9.335334780827035;-13.39798222437117;-13.353195142838185;100.0;6
0.9;50;[0, 1.0, 2.0, 3.0, 4.0, 5.0, 6.0];[5, 5, 6, 8, 9, 9, 8];[0, 0, 10, 10, 0, 0, 15];[2, 2, 3, 3, 2, 2, 4];[4, 4, 4, 3, 3, 3, 3];57;10;1;9.341869200329205;9.32621250118198;-13.398399873237308;-13.355701983465211;110.0;6
0.9;50;[0, 1.0, 2.0, 3.0, 4.0, 5.0, 6.0];[5, 5, 9, 6, 5, 15, 9];[0, 0, 0, 0, 0, 15, 10];[2, 2, 2, 2, 2, 4, 3];[4, 4, 4, 4, 4, 3, 3];57;10;1;9.340443868814043;9.317661103936528;-13.39907700128792;-13.35976536763967;120.0;6
0.9;50;[0, 1.0, 2.0, 3.0, 4.0, 5.0, 6.0];[6, 6, 4, 2, 7, 7, 4];[0, 0, 0, 10, 0, 15, 15];[2, 2, 2, 3, 2, 4, 4];[4, 4, 4, 4, 4, 3, 3];57;10;1;9.339156972230905;9.309940354887932;-13.399993032469654;-13.36526176537324;130.0;6
0.9;50;[0, 1.0, 2.0, 3.0, 4.0, 5.0, 6.0];[6, 6, 4, 8, 5, 6, 7];[0, 0, 0, 15, 15, 15, 15];[2, 2, 2, 4, 4, 4, 4];[4, 4, 4, 4, 4, 4, 4];57;10;1;9.338047610386084;9.303284777036046;-13.40112013299731;-13.37202414915546;140.0;6
0.9;50;[0, 1.0, 2.0, 3.0, 4.0, 5.0, 6.0];[6, 6, 11, 6, 7, 3, 5];[15, 15, 15, 0, 10, 10, 10];[4, 4, 4, 2, 3, 3, 3];[4, 4, 4, 4, 4, 4, 4];57;10;1;9.33714948889175;9.297896532898244;-13.402424057145954;-13.379847071534998;150.0;6
0.9;50;[0, 1.0, 2.0, 3.0, 4.0, 5.0, 6.0];[10, 10, 7, 9, 7, 6, 5];[0, 0, 0, 15, 15, 0, 10];[2, 2, 2, 4, 4, 2, 3];[4, 4, 4, 4, 4, 4, 4];57;10;1;9.336489895252994;9.293939289524522;-13.403865187710549;-13.388492904515914;160.0;6
0.9;50;[0, 1.0, 2.0, 3.0, 4.0, 5.0, 6.0];[13, 13, 5, 4, 4, 4, 5];[0, 0, 10, 10, 10, 10, 10];[2, 2, 3, 3, 3, 3, 3];[4, 4, 4, 4, 4, 4, 4];57;10;1;9.336088869926671;9.291533251723468;-13.40539973952891;-13.397699051580894;170.0;6
0.9;50;[0, 1.0, 2.0, 3.0, 4.0, 5.0, 6.0];[6, 6, 12, 4, 4, 6, 8];[10, 10, 15, 15, 15, 15, 15];[3, 3, 4, 4, 4, 4, 4];[4, 4, 4, 4, 4, 4, 4];57;10;1;9.335958597517804;9.290751513697208;-13.406981089526854;-13.407185914204538;180.0;6
0.9;50;[0, 1.0, 2.0, 3.0, 4.0, 5.0, 6.0];[6, 6, 6, 5, 4, 0, 0];[10, 10, 15, 15, 0, 0, 0];[3, 3, 4, 4, 1, 1, 1];[4, 4, 4, 4, 4, 1, 1];57;10;1;9.33610303659795;9.291617839485632;-13.408561192914307;-13.416665372276189;190.0;6
0.9;50;[0, 1.0, 2.0, 3.0, 4.0, 5.0, 6.0];[7, 7, 5, 9, 0, 0, 0];[0, 0, 15, 15, 0, 0, 0];[2, 2, 4, 4, 1, 1, 1];[4, 4, 4, 4, 1, 1, 1];57;10;1;9.336517799388467;9.294105939514925;-13.410092042552835;-13.425849522542636;200.0;6
0.9;50;[0, 1.0, 2.0, 3.0, 4.0, 5.0, 6.0];[10, 10, 4, 0, 0, 0, 0];[10, 10, 15, 0, 0, 0, 0];[3, 3, 4, 1, 1, 1, 1];[4, 4, 4, 1, 1, 1, 1];57;10;1;9.33719028496894;9.298140265407433;-13.411527127206359;-13.43445941144011;210.0;6
0.9;50;[0, 1.0, 2.0, 3.0, 4.0, 5.0, 6.0];[5, 5, 4, 0, 0, 0, 0];[15, 15, 15, 0, 0, 0, 0];[4, 4, 4, 1, 1, 1, 1];[4, 4, 4, 1, 1, 1, 1];57;10;1;9.338100061976828;9.303598299375457;-13.412822844417603;-13.442233498737885;220.0;6
0.9;50;[0, 1.0, 2.0, 3.0, 4.0, 5.0, 6.0];[5, 5, 7, 0, 0, 0, 0];[15, 15, 15, 0, 0, 0, 0];[4, 4, 4, 1, 1, 1, 1];[4, 4, 4, 1, 1, 1, 1];57;10;1;9.33921948919088;9.310314269351974;-13.413939825122085;-13.448935596275113;230.0;6
0.9;50;[0, 1.0, 2.0, 3.0, 4.0, 5.0, 6.0];[4, 4, 8, 0, 0, 0, 0];[15, 15, 0, 0, 0, 0, 0];[4, 4, 1, 1, 1, 1, 1];[4, 4, 4, 1, 1, 1, 1];57;10;1;9.340514555167868;9.318084177852661;-13.414844129778928;-13.454362041535205;240.0;6
0.9;50;[0, 1.0, 2.0, 3.0, 4.0, 5.0, 6.0];[4, 4, 0, 0, 0, 0, 0];[15, 15, 0, 0, 0, 0, 0];[4, 4, 1, 1, 1, 1, 1];[4, 4, 4, 1, 1, 1, 1];57;10;1;9.341945911447993;9.32667199271076;-13.415508279684202;-13.458347888451582;250.0;6
0.9;50;[0, 1.0, 2.0, 3.0, 4.0, 5.0, 6.0];[5, 5, 0, 0, 0, 0, 0];[0, 0, 0, 0, 0, 0, 0];[1, 1, 1, 1, 1, 1, 1];[4, 4, 4, 1, 1, 1, 1];57;10;1;9.343470067961404;9.335816812481351;-13.415912092121651;-13.460771927053818;260.0;6
0.9;50;[0, 1.0, 2.0, 3.0, 4.0, 5.0, 6.0];[5, 5, 0, 0, 0, 0, 0];[0, 0, 0, 0, 0, 0, 0];[1, 1, 1, 1, 1, 1, 1];[4, 4, 1, 1, 1, 1, 1];57;10;1;9.34504071433525;9.345240789552008;-13.416043293948256;-13.461560378528903;270.0;6
0.9;50;[0, 1.0, 2.0, 3.0, 4.0, 5.0, 6.0];[4, 4, 0, 0, 0, 0, 0];[0, 0, 0, 0, 0, 0, 0];[1, 1, 1, 1, 1, 1, 1];[4, 4, 4, 1, 1, 1, 1];57;10;1;9.346610126968166;9.354657570740766;-13.41589789492992;-13.460689151998533;280.0;6
0.9;50;[0, 1.0, 2.0, 3.0, 4.0, 5.0, 6.0];[5, 5, 0, 0, 0, 0, 0];[15, 15, 0, 0, 0, 0, 0];[4, 4, 1, 1, 1, 1, 1];[4, 4, 4, 4, 1, 1, 1];57;10;1;9.348130619124145;9.363780999139749;-13.415480309432796;-13.458184592655327;290.0;6
0.9;50;[0, 1.0, 2.0, 3.0, 4.0, 5.0, 6.0];[6, 6, 7, 0, 0, 0, 0];[15, 15, 0, 0, 0, 0, 0];[4, 4, 1, 1, 1, 1, 1];[4, 4, 4, 1, 1, 1, 1];57;10;1;9.349555989981257;9.372333812694125;-13.414803222718492;-13.454122696588632;300.0;6
0.9;50;[0, 1.0, 2.0, 3.0, 4.0, 5.0, 6.0];[5, 5, 5, 0, 0, 0, 0];[15, 15, 15, 0, 0, 0, 0];[4, 4, 4, 1, 1, 1, 1];[4, 4, 4, 1, 1, 1, 1];57;10;1;9.350842928593211;9.380056074779182;-13.413887205854584;-13.448626814298736;310.0;6
0.9;50;[0, 1.0, 2.0, 3.0, 4.0, 5.0, 6.0];[6, 6, 5, 0, 0, 0, 0];[15, 15, 15, 0, 0, 0, 0];[4, 4, 4, 1, 1, 1, 1];[4, 4, 4, 4, 1, 1, 1];57;10;1;9.351952330084412;9.386713079900664;-13.412760090899337;-13.441863911125314;320.0;6
0.9;50;[0, 1.0, 2.0, 3.0, 4.0, 5.0, 6.0];[7, 7, 7, 7, 0, 0, 0];[15, 15, 15, 0, 0, 0, 0];[4, 4, 4, 2, 1, 1, 1];[4, 4, 4, 4, 1, 1, 1];57;10;1;9.352850484060767;9.392102493391326;-13.411456125317862;-13.434039497165179;330.0;6
0.9;50;[0, 1.0, 2.0, 3.0, 4.0, 5.0, 6.0];[5, 5, 3, 1, 4, 5, 0];[15, 15, 15, 10, 15, 0, 0];[4, 4, 4, 3, 4, 1, 1];[4, 4, 4, 4, 4, 4, 1];57;10;1;9.35351009909936;9.396060507159689;-13.410014931312602;-13.425391380320406;340.0;6
0.9;50;[0, 1.0, 2.0, 3.0, 4.0, 5.0, 6.0];[7, 7, 4, 5, 5, 4, 4];[10, 10, 15, 10, 15, 10, 0];[3, 3, 4, 3, 4, 3, 1];[4, 4, 4, 4, 4, 3, 3];57;10;1;9.353911132162196;9.398466823475875;-13.40848030169763;-13.416182432576012;350.0;6
0.9;50;[0, 1.0, 2.0, 3.0, 4.0, 5.0, 6.0, 7.0];[14, 14, 4, 5, 5, 14, 4, 0];[15, 15, 0, 0, 0, 15, 10, 0];[4, 4, 2, 2, 2, 4, 3, 1];[4, 4, 4, 3, 3, 3, 3, 3];57;10;1;9.354041397711129;9.408289683535468;-13.406898868930545;-13.406651209826185;0.0;7
0.9;50;[0, 1.0, 2.0, 3.0, 4.0, 5.0, 6.0, 7.0];[5, 5, 6, 5, 5, 3, 3, 0];[0, 0, 0, 0, 10, 10, 10, 0];[2, 2, 2, 2, 3, 3, 3, 1];[4, 4, 4, 3, 3, 3, 3, 3];57;10;1;9.353896938002;9.407278031174721;-13.405318687784602;-13.395588302274247;10.0;7
0.9;50;[0, 1.0, 2.0, 3.0, 4.0, 5.0, 6.0, 7.0];[4, 4, 4, 8, 3, 5, 6, 4];[0, 0, 0, 15, 15, 10, 15, 10];[2, 2, 1, 4, 4, 3, 4, 3];[4, 4, 4, 3, 3, 3, 3, 3];57;10;1;9.353482143301617;9.404373795069175;-13.40378777477706;-13.384870575718017;20.0;7
0.9;50;[0, 1.0, 2.0, 3.0, 4.0, 5.0, 6.0, 7.0];[4, 4, 4, 5, 4, 7, 6, 6];[10, 10, 15, 15, 15, 0, 0, 10];[3, 3, 4, 4, 4, 2, 2, 3];[4, 4, 3, 3, 3, 3, 3, 3];57;10;1;9.35280961837919;9.399665290368318;-13.402352648787232;-13.374823824094722;30.0;7
0.9;50;[0, 1.0, 2.0, 3.0, 4.0, 5.0, 6.0, 7.0];[6, 6, 5, 7, 3, 12, 10, 7];[10, 10, 10, 15, 15, 15, 15, 15];[3, 3, 3, 4, 4, 4, 4, 4];[4, 4, 3, 3, 3, 3, 3, 3];57;10;1;9.351899799342483;9.393295670741843;-13.401056917258163;-13.365753404643952;40.0;7
0.9;50;[0, 1.0, 2.0, 3.0, 4.0, 5.0, 6.0, 7.0];[6, 6, 10, 8, 10, 11, 27, 10];[0, 0, 0, 15, 15, 15, 15, 15];[2, 2, 2, 4, 4, 4, 4, 4];[4, 4, 3, 3, 3, 3, 3, 3];57;10;1;9.35078033248205;9.385458567925308;-13.399939950981276;-13.357934948654743;50.0;7
0.9;50;[0, 1.0, 2.0, 3.0, 4.0, 5.0, 6.0, 7.0];[6, 6, 8, 8, 7, 10, 9, 12];[0, 0, 0, 0, 15, 15, 0, 15];[2, 2, 2, 2, 4, 4, 2, 4];[4, 4, 3, 3, 3, 3, 3, 3];57;10;1;9.349485234023053;9.376392196801755;-13.39903568775727;-13.351605982856189;60.0;7
0.9;50;[0, 1.0, 2.0, 3.0, 4.0, 5.0, 6.0, 7.0];[7, 7, 5, 8, 8, 10, 10, 10];[15, 15, 0, 15, 15, 15, 15, 0];[4, 4, 2, 4, 4, 4, 4, 1];[4, 4, 4, 3, 3, 3, 3, 3];57;10;1;9.34805385634309;9.36637210656791;-13.398371601292654;-13.346958716458076;70.0;7
0.9;50;[0, 1.0, 2.0, 3.0, 4.0, 5.0, 6.0, 7.0];[7, 7, 5, 10, 12, 13, 23, 8];[0, 0, 10, 0, 15, 15, 15, 15];[2, 2, 3, 2, 4, 4, 4, 4];[4, 4, 4, 3, 3, 3, 3, 3];57;10;1;9.346529692093162;9.355702799572292;-13.397967866651816;-13.344134212453069;80.0;7
0.9;50;[0, 1.0, 2.0, 3.0, 4.0, 5.0, 6.0, 7.0];[7, 7, 6, 8, 7, 18, 24, 11];[0, 0, 10, 0, 15, 15, 15, 15];[2, 2, 3, 2, 4, 4, 4, 4];[4, 4, 4, 3, 3, 3, 3, 3];57;10;1;9.344959052579249;9.344708473547998;-13.397836747594349;-13.343218118833503;90.0;7
0.9;50;[0, 1.0, 2.0, 3.0, 4.0, 5.0, 6.0, 7.0];[6, 6, 6, 7, 11, 9, 5, 7];[0, 0, 0, 0, 15, 0, 15, 0];[2, 2, 2, 2, 4, 2, 4, 1];[4, 4, 4, 3, 3, 3, 3, 3];57;10;1;9.343389660575317;9.333723169197281;-13.39798222437117;-13.344238087272464;100.0;7
0.9;50;[0, 1.0, 2.0, 3.0, 4.0, 5.0, 6.0, 7.0];[5, 5, 6, 8, 9, 9, 8, 10];[0, 0, 10, 10, 0, 0, 15, 15];[2, 2, 3, 3, 2, 2, 4, 4];[4, 4, 4, 3, 3, 3, 3, 1];57;10;1;9.341869200329205;9.323080622675318;-13.398399873237308;-13.347162955116602;110.0;7
0.9;50;[0, 1.0, 2.0, 3.0, 4.0, 5.0, 6.0, 7.0];[5, 5, 9, 6, 5, 15, 9, 7];[0, 0, 0, 0, 0, 15, 10, 15];[2, 2, 2, 2, 2, 4, 3, 4];[4, 4, 4, 4, 4, 3, 3, 1];57;10;1;9.340443868814043;9.31310413099599;-13.39907700128792;-13.351903712855336;120.0;7
0.9;50;[0, 1.0, 2.0, 3.0, 4.0, 5.0, 6.0, 7.0];[6, 6, 4, 2, 7, 7, 4, 5];[0, 0, 0, 10, 0, 15, 15, 10];[2, 2, 2, 3, 2, 4, 4, 3];[4, 4, 4, 4, 4, 3, 3, 1];57;10;1;9.339156972230905;9.304096737547834;-13.399993032469654;-13.358316225203312;130.0;7
0.9;50;[0, 1.0, 2.0, 3.0, 4.0, 5.0, 6.0, 7.0];[6, 6, 4, 8, 5, 6, 7, 6];[0, 0, 0, 15, 15, 15, 15, 15];[2, 2, 2, 4, 4, 4, 4, 4];[4, 4, 4, 4, 4, 4, 4, 3];57;10;1;9.338047610386084;9.296332034842152;-13.40112013299731;-13.366205621166024;140.0;7
0.9;50;[0, 1.0, 2.0, 3.0, 4.0, 5.0, 6.0, 7.0];[6, 6, 11, 6, 7, 3, 5, 3];[15, 15, 15, 0, 10, 10, 10, 10];[4, 4, 4, 2, 3, 3, 3, 3];[4, 4, 4, 4, 4, 4, 4, 4];57;10;1;9.33714948889175;9.290045862660945;-13.402424057145954;-13.375332218485488;150.0;7
0.9;50;[0, 1.0, 2.0, 3.0, 4.0, 5.0, 6.0, 7.0];[10, 10, 7, 9, 7, 6, 5, 5];[0, 0, 0, 15, 15, 0, 10, 15];[2, 2, 2, 4, 4, 2, 3, 4];[4, 4, 4, 4, 4, 4, 4, 4];57;10;1;9.336489895252994;9.28542915252433;-13.403865187710549;-13.385418802108992;160.0;7
0.9;50;[0, 1.0, 2.0, 3.0, 4.0, 5.0, 6.0, 7.0];[13, 13, 5, 4, 4, 4, 5, 6];[0, 0, 10, 10, 10, 10, 10, 15];[2, 2, 3, 3, 3, 3, 3, 4];[4, 4, 4, 4, 4, 4, 4, 4];57;10;1;9.336088869926671;9.282622134681576;-13.40539973952891;-13.39615903607486;170.0;7
0.9;50;[0, 1.0, 2.0, 3.0, 4.0, 5.0, 6.0, 7.0];[6, 6, 12, 4, 4, 6, 8, 6];[10, 10, 15, 15, 15, 15, 15, 0];[3, 3, 4, 4, 4, 4, 4, 1];[4, 4, 4, 4, 4, 4, 4, 4];57;10;1;9.335958597517804;9.28171008268244;-13.406981089526854;-13.407226754585176;180.0;7
0.9;50;[0, 1.0, 2.0, 3.0, 4.0, 5.0, 6.0, 7.0];[6, 6, 6, 5, 4, 0, 0, 0];[10, 10, 15, 15, 0, 0, 0, 0];[3, 3, 4, 4, 1, 1, 1, 1];[4, 4, 4, 4, 4, 1, 1, 1];57;10;1;9.33610303659795;9.28272072422244;-13.408561192914307;-13.418285851967656;190.0;7
0.9;50;[0, 1.0, 2.0, 3.0, 4.0, 5.0, 6.0, 7.0];[7, 7, 5, 9, 0, 0, 0, 0];[0, 0, 15, 15, 0, 0, 0, 0];[2, 2, 4, 4, 1, 1, 1, 1];[4, 4, 4, 4, 1, 1, 1, 1];57;10;1;9.336517799388467;9.285623396743503;-13.410092042552835;-13.429000473440752;200.0;7
0.9;50;[0, 1.0, 2.0, 3.0, 4.0, 5.0, 6.0, 7.0];[10, 10, 4, 0, 0, 0, 0, 0];[10, 10, 15, 0, 0, 0, 0, 0];[3, 3, 4, 1, 1, 1, 1, 1];[4, 4, 4, 1, 1, 1, 1, 1];57;10;1;9.33719028496894;9.29032997368808;-13.411527127206359;-13.43904519958657;210.0;7
0.9;50;[0, 1.0, 2.0, 3.0, 4.0, 5.0, 6.0, 7.0];[5, 5, 4, 0, 0, 0, 0, 0];[15, 15, 15, 0, 0, 0, 0, 0];[4, 4, 4, 1, 1, 1, 1, 1];[4, 4, 4, 1, 1, 1, 1, 1];57;10;1;9.338100061976828;9.296697533902885;-13.412822844417603;-13.44811491746749;220.0;7
0.9;50;[0, 1.0, 2.0, 3.0, 4.0, 5.0, 6.0, 7.0];[5, 5, 7, 0, 0, 0, 0, 0];[15, 15, 15, 0, 0, 0, 0, 0];[4, 4, 4, 1, 1, 1, 1, 1];[4, 4, 4, 1, 1, 1, 1, 1];57;10;1;9.33921948919088;9.304532694048037;-13.413939825122085;-13.455934080412899;230.0;7
0.9;50;[0, 1.0, 2.0, 3.0, 4.0, 5.0, 6.0, 7.0];[4, 4, 8, 0, 0, 0, 0, 0];[15, 15, 0, 0, 0, 0, 0, 0];[4, 4, 1, 1, 1, 1, 1, 1];[4, 4, 4, 1, 1, 1, 1, 1];57;10;1;9.340514555167868;9.313597473555172;-13.414844129778928;-13.462265076422936;240.0;7
0.9;50;[0, 1.0, 2.0, 3.0, 4.0, 5.0, 6.0, 7.0];[4, 4, 0, 0, 0, 0, 0, 0];[15, 15, 0, 0, 0, 0, 0, 0];[4, 4, 1, 1, 1, 1, 1, 1];[4, 4, 4, 1, 1, 1, 1, 1];57;10;1;9.341945911447993;9.323616515199468;-13.415508279684202;-13.466915451413435;250.0;7
0.9;50;[0, 1.0, 2.0, 3.0, 4.0, 5.0, 6.0, 7.0];[5, 5, 0, 0, 0, 0, 0, 0];[0, 0, 0, 0, 0, 0, 0, 0];[1, 1, 1, 1, 1, 1, 1, 1];[4, 4, 4, 1, 1, 1, 1, 1];57;10;1;9.343470067961404;9.334285443107202;-13.415912092121651;-13.46974376744963;260.0;7
0.9;50;[0, 1.0, 2.0, 3.0, 4.0, 5.0, 6.0, 7.0];[5, 5, 0, 0, 0, 0, 0, 0];[0, 0, 0, 0, 0, 0, 0, 0];[1, 1, 1, 1, 1, 1, 1, 1];[4, 4, 1, 1, 1, 1, 1, 1];57;10;1;9.34504071433525;9.345280105268447;-13.416043293948256;-13.470663916752898;270.0;7
0.9;50;[0, 1.0, 2.0, 3.0, 4.0, 5.0, 6.0, 7.0];[4, 4, 0, 0, 0, 0, 0, 0];[0, 0, 0, 0, 0, 0, 0, 0];[1, 1, 1, 1, 1, 1, 1, 1];[4, 4, 4, 1, 1, 1, 1, 1];57;10;1;9.346610126968166;9.356266420437837;-13.41589789492992;-13.46964775847627;280.0;7
0.9;50;[0, 1.0, 2.0, 3.0, 4.0, 5.0, 6.0, 7.0];[5, 5, 0, 0, 0, 0, 0, 0];[15, 15, 0, 0, 0, 0, 0, 0];[4, 4, 1, 1, 1, 1, 1, 1];[4, 4, 4, 4, 1, 1, 1, 1];57;10;1;9.348130619124145;9.366910530540904;-13.415480309432796;-13.466725995712519;290.0;7
0.9;50;[0, 1.0, 2.0, 3.0, 4.0, 5.0, 6.0, 7.0];[6, 6, 7, 0, 0, 0, 0, 0];[15, 15, 0, 0, 0, 0, 0, 0];[4, 4, 1, 1, 1, 1, 1, 1];[4, 4, 4, 1, 1, 1, 1, 1];57;10;1;9.349555989981257;9.376888949973397;-13.414803222718492;-13.461987263454185;300.0;7
0.9;50;[0, 1.0, 2.0, 3.0, 4.0, 5.0, 6.0, 7.0];[5, 5, 5, 0, 0, 0, 0, 0];[15, 15, 15, 0, 0, 0, 0, 0];[4, 4, 4, 1, 1, 1, 1, 1];[4, 4, 4, 1, 1, 1, 1, 1];57;10;1;9.350842928593211;9.38589840283184;-13.413887205854584;-13.455575452683284;310.0;7
0.9;50;[0, 1.0, 2.0, 3.0, 4.0, 5.0, 6.0, 7.0];[6, 6, 5, 0, 0, 0, 0, 0];[15, 15, 15, 0, 0, 0, 0, 0];[4, 4, 4, 1, 1, 1, 1, 1];[4, 4, 4, 4, 1, 1, 1, 1];57;10;1;9.351952330084412;9.393665048209895;-13.412760090899337;-13.447685349772517;320.0;7
0.9;50;[0, 1.0, 2.0, 3.0, 4.0, 5.0, 6.0, 7.0];[7, 7, 7, 7, 0, 0, 0, 0];[15, 15, 15, 0, 0, 0, 0, 0];[4, 4, 4, 2, 1, 1, 1, 1];[4, 4, 4, 4, 1, 1, 1, 1];57;10;1;9.352850484060767;9.399952812010428;-13.411456125317862;-13.43855672224682;330.0;7
0.9;50;[0, 1.0, 2.0, 3.0, 4.0, 5.0, 6.0, 7.0];[5, 5, 3, 1, 4, 5, 0, 0];[15, 15, 15, 10, 15, 0, 0, 0];[4, 4, 4, 3, 4, 1, 1, 1];[4, 4, 4, 4, 4, 4, 1, 1];57;10;1;9.35351009909936;9.404570570740042;-13.410014931312602;-13.428467030030838;340.0;7
0.9;50;[0, 1.0, 2.0, 3.0, 4.0, 5.0, 6.0, 7.0];[7, 7, 4, 5, 5, 4, 4, 0];[10, 10, 15, 10, 15, 10, 0, 0];[3, 3, 4, 3, 4, 3, 1, 1];[4, 4, 4, 4, 4, 3, 3, 1];57;10;1;9.353911132162196;9.407377967673069;-13.40848030169763;-13.417722984028384;350.0;7
0.9;50;[0, 1.0, 2.0, 3.0, 4.0, 5.0, 6.0, 7.0, 8.0];[14, 14, 4, 5, 5, 14, 4, 0, 4];[15, 15, 0, 0, 0, 15, 10, 0, 0];[4, 4, 2, 2, 2, 4, 3, 1, 1];[4, 4, 4, 3, 3, 3, 3, 3, 3];57;10;1;9.354041397711129;9.417331047724112;-13.406898868930545;-13.406609787811906;0.0;8
0.9;50;[0, 1.0, 2.0, 3.0, 4.0, 5.0, 6.0, 7.0, 8.0];[5, 5, 6, 5, 5, 3, 3, 0, 0];[0, 0, 0, 0, 10, 10, 10, 0, 0];[2, 2, 2, 2, 3, 3, 3, 1, 1];[4, 4, 4, 3, 3, 3, 3, 3, 3];57;10;1;9.353896938002;9.41617479065718;-13.405318687784602;-13.393966151503193;10.0;8
0.9;50;[0, 1.0, 2.0, 3.0, 4.0, 5.0, 6.0, 7.0, 8.0];[4, 4, 4, 8, 3, 5, 6, 4, 7];[0, 0, 0, 15, 15, 10, 15, 10, 10];[2, 2, 1, 4, 4, 3, 4, 3, 3];[4, 4, 4, 3, 3, 3, 3, 3, 3];57;10;1;9.353482143301617;9.412855534934245;-13.40378777477706;-13.38171706597912;20.0;8
0.9;50;[0, 1.0, 2.0, 3.0, 4.0, 5.0, 6.0, 7.0, 8.0];[4, 4, 4, 5, 4, 7, 6, 6, 5];[10, 10, 15, 15, 15, 0, 0, 10, 15];[3, 3, 4, 4, 4, 2, 2, 3, 4];[4, 4, 3, 3, 3, 3, 3, 3, 3];57;10;1;9.35280961837919;9.4074742278858;-13.402352648787232;-13.370234898195967;30.0;8
0.9;50;[0, 1.0, 2.0, 3.0, 4.0, 5.0, 6.0, 7.0, 8.0];[6, 6, 5, 7, 3, 12, 10, 7, 4];[10, 10, 10, 15, 15, 15, 15, 15, 15];[3, 3, 3, 4, 4, 4, 4, 4, 4];[4, 4, 3, 3, 3, 3, 3, 3, 3];57;10;1;9.351899799342483;9.40019449313873;-13.401056917258163;-13.35986864795525;40.0;8
0.9;50;[0, 1.0, 2.0, 3.0, 4.0, 5.0, 6.0, 7.0, 8.0];[6, 6, 10, 8, 10, 11, 27, 10, 9];[0, 0, 0, 15, 15, 15, 15, 15, 15];[2, 2, 2, 4, 4, 4, 4, 4, 4];[4, 4, 3, 3, 3, 3, 3, 3, 3];57;10;1;9.35078033248205;9.391237644827525;-13.399939950981276;-13.350933329167496;50.0;8
0.9;50;[0, 1.0, 2.0, 3.0, 4.0, 5.0, 6.0, 7.0, 8.0];[6, 6, 8, 8, 7, 10, 9, 12, 21];[0, 0, 0, 0, 15, 15, 0, 15, 15];[2, 2, 2, 2, 4, 4, 2, 4, 4];[4, 4, 3, 3, 3, 3, 3, 3, 3];57;10;1;9.349485234023053;9.380875947976985;-13.39903568775727;-13.34370039351503;60.0;8
0.9;50;[0, 1.0, 2.0, 3.0, 4.0, 5.0, 6.0, 7.0, 8.0];[7, 7, 5, 8, 8, 10, 10, 10, 9];[15, 15, 0, 15, 15, 15, 15, 0, 15];[4, 4, 2, 4, 4, 4, 4, 1, 4];[4, 4, 4, 3, 3, 3, 3, 3, 3];57;10;1;9.34805385634309;9.369424331725781;-13.398371601292654;-13.338389488037077;70.0;8
0.9;50;[0, 1.0, 2.0, 3.0, 4.0, 5.0, 6.0, 7.0, 8.0];[7, 7, 5, 10, 12, 13, 23, 8, 6];[0, 0, 10, 0, 15, 15, 15, 15, 15];[2, 2, 3, 2, 4, 4, 4, 4, 4];[4, 4, 4, 3, 3, 3, 3, 3, 3];57;10;1;9.346529692093162;9.357230808935144;-13.397967866651816;-13.335161796343248;80.0;8
0.9;50;[0, 1.0, 2.0, 3.0, 4.0, 5.0, 6.0, 7.0, 8.0];[7, 7, 6, 8, 7, 18, 24, 11, 7];[0, 0, 10, 0, 15, 15, 15, 15, 15];[2, 2, 3, 2, 4, 4, 4, 4, 4];[4, 4, 4, 3, 3, 3, 3, 3, 3];57;10;1;9.344959052579249;9.34466589467371;-13.397836747594349;-13.334115163865162;90.0;8
0.9;50;[0, 1.0, 2.0, 3.0, 4.0, 5.0, 6.0, 7.0, 8.0];[6, 6, 6, 7, 11, 9, 5, 7, 0];[0, 0, 0, 0, 15, 0, 15, 0, 0];[2, 2, 2, 2, 4, 2, 4, 1, 1];[4, 4, 4, 3, 3, 3, 3, 3, 1];57;10;1;9.343389660575317;9.33211134595588;-13.39798222437117;-13.335281152426472;100.0;8
0.9;50;[0, 1.0, 2.0, 3.0, 4.0, 5.0, 6.0, 7.0, 8.0];[5, 5, 6, 8, 9, 9, 8, 10, 0];[0, 0, 10, 10, 0, 0, 15, 15, 0];[2, 2, 3, 3, 2, 2, 4, 4, 1];[4, 4, 4, 3, 3, 3, 3, 1, 1];57;10;1;9.341869200329205;9.31994856510344;-13.398399873237308;-13.338624110235639;110.0;8
0.9;50;[0, 1.0, 2.0, 3.0, 4.0, 5.0, 6.0, 7.0, 8.0];[5, 5, 9, 6, 5, 15, 9, 7, 0];[0, 0, 0, 0, 0, 15, 10, 15, 0];[2, 2, 2, 2, 2, 4, 3, 4, 1];[4, 4, 4, 4, 4, 3, 3, 1, 1];57;10;1;9.340443868814043;9.308547018675267;-13.39907700128792;-13.344042282040299;120.0;8
0.9;50;[0, 1.0, 2.0, 3.0, 4.0, 5.0, 6.0, 7.0, 8.0];[6, 6, 4, 2, 7, 7, 4, 5, 5];[0, 0, 0, 10, 0, 15, 15, 10, 15];[2, 2, 2, 3, 2, 4, 4, 3, 4];[4, 4, 4, 4, 4, 3, 3, 1, 1];57;10;1;9.339156972230905;9.298253022859853;-13.399993032469654;-13.351370922495907;130.0;8
0.9;50;[0, 1.0, 2.0, 3.0, 4.0, 5.0, 6.0, 7.0, 8.0];[6, 6, 4, 8, 5, 6, 7, 6, 9];[0, 0, 0, 15, 15, 15, 15, 15, 15];[2, 2, 2, 4, 4, 4, 4, 4, 4];[4, 4, 4, 4, 4, 4, 4, 3, 1];57;10;1;9.338047610386084;9.289379234650973;-13.40112013299731;-13.360387315617839;140.0;8
0.9;50;[0, 1.0, 2.0, 3.0, 4.0, 5.0, 6.0, 7.0, 8.0];[6, 6, 11, 6, 7, 3, 5, 3, 6];[15, 15, 15, 0, 10, 10, 10, 10, 15];[4, 4, 4, 2, 3, 3, 3, 3, 4];[4, 4, 4, 4, 4, 4, 4, 4, 4];57;10;1;9.33714948889175;9.282195166428018;-13.402424057145954;-13.370817546240618;150.0;8
0.9;50;[0, 1.0, 2.0, 3.0, 4.0, 5.0, 6.0, 7.0, 8.0];[10, 10, 7, 9, 7, 6, 5, 5, 0];[0, 0, 0, 15, 15, 0, 10, 15, 0];[2, 2, 2, 4, 4, 2, 3, 4, 1];[4, 4, 4, 4, 4, 4, 4, 4, 4];57;10;1;9.336489895252994;9.276919010420677;-13.403865187710549;-13.382344817306693;160.0;8
0.9;50;[0, 1.0, 2.0, 3.0, 4.0, 5.0, 6.0, 7.0, 8.0];[13, 13, 5, 4, 4, 4, 5, 6, 0];[0, 0, 10, 10, 10, 10, 10, 15, 0];[2, 2, 3, 3, 3, 3, 3, 4, 1];[4, 4, 4, 4, 4, 4, 4, 4, 1];57;10;1;9.336088869926671;9.273711019894627;-13.40539973952891;-13.394619060997442;170.0;8
0.9;50;[0, 1.0, 2.0, 3.0, 4.0, 5.0, 6.0, 7.0, 8.0];[6, 6, 12, 4, 4, 6, 8, 6, 0];[10, 10, 15, 15, 15, 15, 15, 0, 0];[3, 3, 4, 4, 4, 4, 4, 1, 1];[4, 4, 4, 4, 4, 4, 4, 4, 1];57;10;1;9.335958597517804;9.272668646927881;-13.406981089526854;-13.407267553459628;180.0;8
0.9;50;[0, 1.0, 2.0, 3.0, 4.0, 5.0, 6.0, 7.0, 8.0];[6, 6, 6, 5, 4, 0, 0, 0, 6];[10, 10, 15, 15, 0, 0, 0, 0, 15];[3, 3, 4, 4, 1, 1, 1, 1, 4];[4, 4, 4, 4, 4, 1, 1, 1, 1];57;10;1;9.33610303659795;9.273823583738888;-13.408561192914307;-13.419906213219049;190.0;8
0.9;50;[0, 1.0, 2.0, 3.0, 4.0, 5.0, 6.0, 7.0, 8.0];[7, 7, 5, 9, 0, 0, 0, 0, 0];[0, 0, 15, 15, 0, 0, 0, 0, 0];[2, 2, 4, 4, 1, 1, 1, 1, 1];[4, 4, 4, 4, 1, 1, 1, 1, 1];57;10;1;9.336517799388467;9.277140797228624;-13.410092042552835;-13.432151243123787;200.0;8
0.9;50;[0, 1.0, 2.0, 3.0, 4.0, 5.0, 6.0, 7.0, 8.0];[10, 10, 4, 0, 0, 0, 0, 0, 0];[10, 10, 15, 0, 0, 0, 0, 0, 0];[3, 3, 4, 1, 1, 1, 1, 1, 1];[4, 4, 4, 1, 1, 1, 1, 1, 1];57;10;1;9.33719028496894;9.28251958639106;-13.411527127206359;-13.443630765385924;210.0;8
0.9;50;[0, 1.0, 2.0, 3.0, 4.0, 5.0, 6.0, 7.0, 8.0];[5, 5, 4, 0, 0, 0, 0, 0, 0];[15, 15, 15, 0, 0, 0, 0, 0, 0];[4, 4, 4, 1, 1, 1, 1, 1, 1];[4, 4, 4, 1, 1, 1, 1, 1, 1];57;10;1;9.338100061976828;9.289796631294438;-13.412822844417603;-13.453996099291954;220.0;8
0.9;50;[0, 1.0, 2.0, 3.0, 4.0, 5.0, 6.0, 7.0, 8.0];[5, 5, 7, 0, 0, 0, 0, 0, 0];[15, 15, 15, 0, 0, 0, 0, 0, 0];[4, 4, 4, 1, 1, 1, 1, 1, 1];[4, 4, 4, 1, 1, 1, 1, 1, 1];57;10;1;9.33921948919088;9.298750942239542;-13.413939825122085;-13.4629323414527;230.0;8
0.9;50;[0, 1.0, 2.0, 3.0, 4.0, 5.0, 6.0, 7.0, 8.0];[4, 4, 8, 0, 0, 0, 0, 0, 0];[15, 15, 0, 0, 0, 0, 0, 0, 0];[4, 4, 1, 1, 1, 1, 1, 1, 1];[4, 4, 4, 1, 1, 1, 1, 1, 1];57;10;1;9.340514555167868;9.30911056024506;-13.414844129778928;-13.470167928811007;240.0;8
0.9;50;[0, 1.0, 2.0, 3.0, 4.0, 5.0, 6.0, 7.0, 8.0];[4, 4, 0, 0, 0, 0, 0, 0, 0];[15, 15, 0, 0, 0, 0, 0, 0, 0];[4, 4, 1, 1, 1, 1, 1, 1, 1];[4, 4, 4, 1, 1, 1, 1, 1, 1];57;10;1;9.341945911447993;9.320560806910862;-13.415508279684202;-13.475482894491245;250.0;8
0.9;50;[0, 1.0, 2.0, 3.0, 4.0, 5.0, 6.0, 7.0, 8.0];[5, 5, 0, 0, 0, 0, 0, 0, 0];[0, 0, 0, 0, 0, 0, 0, 0, 0];[1, 1, 1, 1, 1, 1, 1, 1, 1];[4, 4, 4, 1, 1, 1, 1, 1, 1];57;10;1;9.343470067961404;9.332753834566901;-13.415912092121651;-13.478715565163501;260.0;8
0.9;50;[0, 1.0, 2.0, 3.0, 4.0, 5.0, 6.0, 7.0, 8.0];[5, 5, 0, 0, 0, 0, 0, 0, 0];[0, 0, 0, 0, 0, 0, 0, 0, 0];[1, 1, 1, 1, 1, 1, 1, 1, 1];[4, 4, 1, 1, 1, 1, 1, 1, 1];57;10;1;9.34504071433525;9.345319187864378;-13.416043293948256;-13.479767494859487;270.0;8
0.9;50;[0, 1.0, 2.0, 3.0, 4.0, 5.0, 6.0, 7.0, 8.0];[4, 4, 0, 0, 0, 0, 0, 0, 0];[0, 0, 0, 0, 0, 0, 0, 0, 0];[1, 1, 1, 1, 1, 1, 1, 1, 1];[4, 4, 4, 1, 1, 1, 1, 1, 1];57;10;1;9.346610126968166;9.357875056834597;-13.41589789492992;-13.478606482835309;280.0;8
0.9;50;[0, 1.0, 2.0, 3.0, 4.0, 5.0, 6.0, 7.0, 8.0];[5, 5, 0, 0, 0, 0, 0, 0, 0];[15, 15, 0, 0, 0, 0, 0, 0, 0];[4, 4, 1, 1, 1, 1, 1, 1, 1];[4, 4, 4, 4, 1, 1, 1, 1, 1];57;10;1;9.348130619124145;9.370039879914472;-13.415480309432796;-13.475267580640793;290.0;8
0.9;50;[0, 1.0, 2.0, 3.0, 4.0, 5.0, 6.0, 7.0, 8.0];[6, 6, 7, 0, 0, 0, 0, 0, 0];[15, 15, 0, 0, 0, 0, 0, 0, 0];[4, 4, 1, 1, 1, 1, 1, 1, 1];[4, 4, 4, 1, 1, 1, 1, 1, 1];57;10;1;9.349555989981257;9.381443944223353;-13.414803222718492;-13.469852054362136;300.0;8
0.9;50;[0, 1.0, 2.0, 3.0, 4.0, 5.0, 6.0, 7.0, 8.0];[5, 5, 5, 0, 0, 0, 0, 0, 0];[15, 15, 15, 0, 0, 0, 0, 0, 0];[4, 4, 4, 1, 1, 1, 1, 1, 1];[4, 4, 4, 1, 1, 1, 1, 1, 1];57;10;1;9.350842928593211;9.391740629880093;-13.413887205854584;-13.462524330253537;310.0;8
0.9;50;[0, 1.0, 2.0, 3.0, 4.0, 5.0, 6.0, 7.0, 8.0];[6, 6, 5, 0, 0, 0, 0, 0, 0];[15, 15, 15, 0, 0, 0, 0, 0, 0];[4, 4, 4, 1, 1, 1, 1, 1, 1];[4, 4, 4, 4, 1, 1, 1, 1, 1];57;10;1;9.351952330084412;9.400616955456767;-13.412760090899337;-13.453507013772507;320.0;8
0.9;50;[0, 1.0, 2.0, 3.0, 4.0, 5.0, 6.0, 7.0, 8.0];[7, 7, 7, 7, 0, 0, 0, 0, 0];[15, 15, 15, 0, 0, 0, 0, 0, 0];[4, 4, 4, 2, 1, 1, 1, 1, 1];[4, 4, 4, 4, 1, 1, 1, 1, 1];57;10;1;9.352850484060767;9.407803102529698;-13.411456125317862;-13.443074131452848;330.0;8
0.9;50;[0, 1.0, 2.0, 3.0, 4.0, 5.0, 6.0, 7.0, 8.0];[5, 5, 3, 1, 4, 5, 0, 0, 6];[15, 15, 15, 10, 15, 0, 0, 0, 0];[4, 4, 4, 3, 4, 1, 1, 1, 2];[4, 4, 4, 4, 4, 4, 1, 1, 1];57;10;1;9.35351009909936;9.413080628128327;-13.410014931312602;-13.431542800184328;340.0;8
0.9;50;[0, 1.0, 2.0, 3.0, 4.0, 5.0, 6.0, 7.0, 8.0];[7, 7, 4, 5, 5, 4, 4, 0, 5];[10, 10, 15, 10, 15, 10, 0, 0, 10];[3, 3, 4, 3, 4, 3, 1, 1, 3];[4, 4, 4, 4, 4, 3, 3, 1, 1];57;10;1;9.353911132162196;9.416289113793054;-13.40848030169763;-13.419263577505939;350.0;8
0.9;50;[0, 1.0, 2.0, 3.0, 4.0, 5.0, 6.0, 7.0, 8.0, 9.0];[14, 14, 4, 5, 5, 14, 4, 0, 4, 2];[15, 15, 0, 0, 0, 15, 10, 0, 0, 10];[4, 4, 2, 2, 2, 4, 3, 1, 1, 3];[4, 4, 4, 3, 3, 3, 3, 3, 3, 1];57;10;1;9.354041397711129;9.426372407105976;-13.406898868930545;-13.406568324213072;0.0;9
0.9;50;[0, 1.0, 2.0, 3.0, 4.0, 5.0, 6.0, 7.0, 8.0, 9.0];[5, 5, 6, 5, 5, 3, 3, 0, 0, 0];[0, 0, 0, 0, 10, 10, 10, 0, 0, 0];[2, 2, 2, 2, 3, 3, 3, 1, 1, 1];[4, 4, 4, 3, 3, 3, 3, 3, 3, 3];57;10;1;9.353896938002;9.425071524534069;-13.405318687784602;-13.392343880445619;10.0;9
0.9;50;[0, 1.0, 2.0, 3.0, 4.0, 5.0, 6.0, 7.0, 8.0, 9.0];[4, 4, 4, 8, 3, 5, 6, 4, 7, 5];[0, 0, 0, 15, 15, 10, 15, 10, 10, 15];[2, 2, 1, 4, 4, 3, 4, 3, 3, 4];[4, 4, 4, 3, 3, 3, 3, 3, 3, 3];57;10;1;9.353482143301617;9.42133721684155;-13.40378777477706;-13.378563371905408;20.0;9
0.9;50;[0, 1.0, 2.0, 3.0, 4.0, 5.0, 6.0, 7.0, 8.0, 9.0];[4, 4, 4, 5, 4, 7, 6, 6, 5, 8];[10, 10, 15, 15, 15, 0, 0, 10, 15, 0];[3, 3, 4, 4, 4, 2, 2, 3, 4, 2];[4, 4, 3, 3, 3, 3, 3, 3, 3, 3];57;10;1;9.35280961837919;9.41528306752309;-13.402352648787232;-13.365645746393064;30.0;9
0.9;50;[0, 1.0, 2.0, 3.0, 4.0, 5.0, 6.0, 7.0, 8.0, 9.0];[6, 6, 5, 7, 3, 12, 10, 7, 4, 8];[10, 10, 10, 15, 15, 15, 15, 15, 15, 15];[3, 3, 3, 4, 4, 4, 4, 4, 4, 4];[4, 4, 3, 3, 3, 3, 3, 3, 3, 3];57;10;1;9.351899799342483;9.407093175088875;-13.401056917258163;-13.353983651320194;40.0;9
0.9;50;[0, 1.0, 2.0, 3.0, 4.0, 5.0, 6.0, 7.0, 8.0, 9.0];[6, 6, 10, 8, 10, 11, 27, 10, 9, 8];[0, 0, 0, 15, 15, 15, 15, 15, 15, 15];[2, 2, 2, 4, 4, 4, 4, 4, 4, 4];[4, 4, 3, 3, 3, 3, 3, 3, 3, 3];57;10;1;9.35078033248205;9.397016541319685;-13.399939950981276;-13.343931484871783;50.0;9
0.9;50;[0, 1.0, 2.0, 3.0, 4.0, 5.0, 6.0, 7.0, 8.0, 9.0];[6, 6, 8, 8, 7, 10, 9, 12, 21, 9];[0, 0, 0, 0, 15, 15, 0, 15, 15, 15];[2, 2, 2, 2, 4, 4, 2, 4, 4, 4];[4, 4, 3, 3, 3, 3, 3, 3, 3, 3];57;10;1;9.349485234023053;9.385359486290605;-13.39903568775727;-13.335794621752761;60.0;9
0.9;50;[0, 1.0, 2.0, 3.0, 4.0, 5.0, 6.0, 7.0, 8.0, 9.0];[7, 7, 5, 8, 8, 10, 10, 10, 9, 12];[15, 15, 0, 15, 15, 15, 15, 0, 15, 15];[4, 4, 2, 4, 4, 4, 4, 1, 4, 4];[4, 4, 4, 3, 3, 3, 3, 3, 3, 3];57;10;1;9.34805385634309;9.372476323039905;-13.398371601292654;-13.329820141578516;70.0;9
0.9;50;[0, 1.0, 2.0, 3.0, 4.0, 5.0, 6.0, 7.0, 8.0, 9.0];[7, 7, 5, 10, 12, 13, 23, 8, 6, 7];[0, 0, 10, 0, 15, 15, 15, 15, 15, 15];[2, 2, 3, 2, 4, 4, 4, 4, 4, 4];[4, 4, 4, 3, 3, 3, 3, 3, 3, 3];57;10;1;9.346529692093162;9.358758577463691;-13.397967866651816;-13.326189340671105;80.0;9
0.9;50;[0, 1.0, 2.0, 3.0, 4.0, 5.0, 6.0, 7.0, 8.0, 9.0];[7, 7, 6, 8, 7, 18, 24, 11, 7, 7];[0, 0, 10, 0, 15, 15, 15, 15, 15, 15];[2, 2, 3, 2, 4, 4, 4, 4, 4, 4];[4, 4, 4, 3, 3, 3, 3, 3, 3, 3];57;10;1;9.344959052579249;9.344623082755687;-13.397836747594349;-13.325012252336236;90.0;9
0.9;50;[0, 1.0, 2.0, 3.0, 4.0, 5.0, 6.0, 7.0, 8.0, 9.0];[6, 6, 6, 7, 11, 9, 5, 7, 0, 0];[0, 0, 0, 0, 15, 0, 15, 0, 0, 0];[2, 2, 2, 2, 4, 2, 4, 1, 1, 1];[4, 4, 4, 3, 3, 3, 3, 3, 1, 1];57;10;1;9.343389660575317;9.33049931122363;-13.39798222437117;-13.326324338502777;100.0;9
0.9;50;[0, 1.0, 2.0, 3.0, 4.0, 5.0, 6.0, 7.0, 8.0, 9.0];[5, 5, 6, 8, 9, 9, 8, 10, 0, 0];[0, 0, 10, 10, 0, 0, 15, 15, 0, 0];[2, 2, 3, 3, 2, 2, 4, 4, 1, 1];[4, 4, 4, 3, 3, 3, 3, 1, 1, 1];57;10;1;9.341869200329205;9.316816328678023;-13.398399873237308;-13.330085448936128;110.0;9
0.9;50;[0, 1.0, 2.0, 3.0, 4.0, 5.0, 6.0, 7.0, 8.0, 9.0];[5, 5, 9, 6, 5, 15, 9, 7, 0, 0];[0, 0, 0, 0, 0, 15, 10, 15, 0, 0];[2, 2, 2, 2, 2, 4, 3, 4, 1, 1];[4, 4, 4, 4, 4, 3, 3, 1, 1, 1];57;10;1;9.340443868814043;9.30398976723499;-13.39907700128792;-13.336181075189163;120.0;9
0.9;50;[0, 1.0, 2.0, 3.0, 4.0, 5.0, 6.0, 7.0, 8.0, 9.0];[6, 6, 4, 2, 7, 7, 4, 5, 5, 0];[0, 0, 0, 10, 0, 15, 15, 10, 15, 0];[2, 2, 2, 3, 2, 4, 4, 3, 4, 1];[4, 4, 4, 4, 4, 3, 3, 1, 1, 1];57;10;1;9.339156972230905;9.292409211085083;-13.399993032469654;-13.344425857127906;130.0;9
0.9;50;[0, 1.0, 2.0, 3.0, 4.0, 5.0, 6.0, 7.0, 8.0, 9.0];[6, 6, 4, 8, 5, 6, 7, 6, 9, 6];[0, 0, 0, 15, 15, 15, 15, 15, 15, 15];[2, 2, 2, 4, 4, 4, 4, 4, 4, 4];[4, 4, 4, 4, 4, 4, 4, 3, 1, 1];57;10;1;9.338047610386084;9.282426376681341;-13.40112013299731;-13.354569232303058;140.0;9
0.9;50;[0, 1.0, 2.0, 3.0, 4.0, 5.0, 6.0, 7.0, 8.0, 9.0];[6, 6, 11, 6, 7, 3, 5, 3, 6, 0];[15, 15, 15, 0, 10, 10, 10, 10, 15, 0];[4, 4, 4, 2, 3, 3, 3, 3, 4, 1];[4, 4, 4, 4, 4, 4, 4, 4, 4, 1];57;10;1;9.33714948889175;9.27434444434968;-13.402424057145954;-13.366303054563472;150.0;9
0.9;50;[0, 1.0, 2.0, 3.0, 4.0, 5.0, 6.0, 7.0, 8.0, 9.0];[10, 10, 7, 9, 7, 6, 5, 5, 0, 0];[0, 0, 0, 15, 15, 0, 10, 15, 0, 0];[2, 2, 2, 4, 4, 2, 3, 4, 1, 1];[4, 4, 4, 4, 4, 4, 4, 4, 4, 1];57;10;1;9.336489895252994;9.268408863291292;-13.403865187710549;-13.379270949906486;160.0;9
0.9;50;[0, 1.0, 2.0, 3.0, 4.0, 5.0, 6.0, 7.0, 8.0, 9.0];[13, 13, 5, 4, 4, 4, 5, 6, 0, 0];[0, 0, 10, 10, 10, 10, 10, 15, 0, 0];[2, 2, 3, 3, 3, 3, 3, 4, 1, 1];[4, 4, 4, 4, 4, 4, 4, 4, 1, 1];57;10;1;9.336088869926671;9.26479990738634;-13.40539973952891;-13.393079126234715;170.0;9
0.9;50;[0, 1.0, 2.0, 3.0, 4.0, 5.0, 6.0, 7.0, 8.0, 9.0];[6, 6, 12, 4, 4, 6, 8, 6, 0, 0];[10, 10, 15, 15, 15, 15, 15, 0, 0, 0];[3, 3, 4, 4, 4, 4, 4, 1, 1, 1];[4, 4, 4, 4, 4, 4, 4, 4, 1, 1];57;10;1;9.335958597517804;9.263627206438004;-13.406981089526854;-13.407308310833072;180.0;9
0.9;50;[0, 1.0, 2.0, 3.0, 4.0, 5.0, 6.0, 7.0, 8.0, 9.0];[6, 6, 6, 5, 4, 0, 0, 0, 6, 0];[10, 10, 15, 15, 0, 0, 0, 0, 15, 0];[3, 3, 4, 4, 1, 1, 1, 1, 4, 1];[4, 4, 4, 4, 4, 1, 1, 1, 1, 1];57;10;1;9.33610303659795;9.264926418060636;-13.408561192914307;-13.421526456153282;190.0;9
0.9;50;[0, 1.0, 2.0, 3.0, 4.0, 5.0, 6.0, 7.0, 8.0, 9.0];[7, 7, 5, 9, 0, 0, 0, 0, 0, 0];[0, 0, 15, 15, 0, 0, 0, 0, 0, 0];[2, 2, 4, 4, 1, 1, 1, 1, 1, 1];[4, 4, 4, 4, 1, 1, 1, 1, 1, 1];57;10;1;9.336517799388467;9.268658141051182;-13.410092042552835;-13.435301831799487;200.0;9
0.9;50;[0, 1.0, 2.0, 3.0, 4.0, 5.0, 6.0, 7.0, 8.0, 9.0];[10, 10, 4, 0, 0, 0, 0, 0, 0, 0];[10, 10, 15, 0, 0, 0, 0, 0, 0, 0];[3, 3, 4, 1, 1, 1, 1, 1, 1, 1];[4, 4, 4, 1, 1, 1, 1, 1, 1, 1];57;10;1;9.33719028496894;9.274709103669789;-13.411527127206359;-13.448216109075132;210.0;9
0.9;50;[0, 1.0, 2.0, 3.0, 4.0, 5.0, 6.0, 7.0, 8.0, 9.0];[5, 5, 4, 0, 0, 0, 0, 0, 0, 0];[15, 15, 15, 0, 0, 0, 0, 0, 0, 0];[4, 4, 4, 1, 1, 1, 1, 1, 1, 1];[4, 4, 4, 1, 1, 1, 1, 1, 1, 1];57;10;1;9.338100061976828;9.282895591770764;-13.412822844417603;-13.459877044413984;220.0;9
0.9;50;[0, 1.0, 2.0, 3.0, 4.0, 5.0, 6.0, 7.0, 8.0, 9.0];[5, 5, 7, 0, 0, 0, 0, 0, 0, 0];[15, 15, 15, 0, 0, 0, 0, 0, 0, 0];[4, 4, 4, 1, 1, 1, 1, 1, 1, 1];[4, 4, 4, 1, 1, 1, 1, 1, 1, 1];57;10;1;9.33921948919088;9.292969014186832;-13.413939825122085;-13.469930379508671;230.0;9
0.9;50;[0, 1.0, 2.0, 3.0, 4.0, 5.0, 6.0, 7.0, 8.0, 9.0];[4, 4, 8, 0, 0, 0, 0, 0, 0, 0];[15, 15, 0, 0, 0, 0, 0, 0, 0, 0];[4, 4, 1, 1, 1, 1, 1, 1, 1, 1];[4, 4, 4, 1, 1, 1, 1, 1, 1, 1];57;10;1;9.340514555167868;9.304623438179009;-13.414844129778928;-13.478070598694408;240.0;9
0.9;50;[0, 1.0, 2.0, 3.0, 4.0, 5.0, 6.0, 7.0, 8.0, 9.0];[4, 4, 0, 0, 0, 0, 0, 0, 0, 0];[15, 15, 0, 0, 0, 0, 0, 0, 0, 0];[4, 4, 1, 1, 1, 1, 1, 1, 1, 1];[4, 4, 4, 1, 1, 1, 1, 1, 1, 1];57;10;1;9.341945911447993;9.317504868049536;-13.415508279684202;-13.484050217562139;250.0;9
0.9;50;[0, 1.0, 2.0, 3.0, 4.0, 5.0, 6.0, 7.0, 8.0, 9.0];[5, 5, 0, 0, 0, 0, 0, 0, 0, 0];[0, 0, 0, 0, 0, 0, 0, 0, 0, 0];[1, 1, 1, 1, 1, 1, 1, 1, 1, 1];[4, 4, 4, 1, 1, 1, 1, 1, 1, 1];57;10;1;9.343470067961404;9.331221986971892;-13.415912092121651;-13.487687319987579;260.0;9
0.9;50;[0, 1.0, 2.0, 3.0, 4.0, 5.0, 6.0, 7.0, 8.0, 9.0];[5, 5, 0, 0, 0, 0, 0, 0, 0, 0];[0, 0, 0, 0, 0, 0, 0, 0, 0, 0];[1, 1, 1, 1, 1, 1, 1, 1, 1, 1];[4, 4, 1, 1, 1, 1, 1, 1, 1, 1];57;10;1;9.34504071433525;9.345358037334924;-13.416043293948256;-13.488871112611504;270.0;9
0.9;50;[0, 1.0, 2.0, 3.0, 4.0, 5.0, 6.0, 7.0, 8.0, 9.0];[4, 4, 0, 0, 0, 0, 0, 0, 0, 0];[0, 0, 0, 0, 0, 0, 0, 0, 0, 0];[1, 1, 1, 1, 1, 1, 1, 1, 1, 1];[4, 4, 4, 1, 1, 1, 1, 1, 1, 1];57;10;1;9.346610126968166;9.359483479810597;-13.41589789492992;-13.487565324872724;280.0;9
0.9;50;[0, 1.0, 2.0, 3.0, 4.0, 5.0, 6.0, 7.0, 8.0, 9.0];[5, 5, 0, 0, 0, 0, 0, 0, 0, 0];[15, 15, 0, 0, 0, 0, 0, 0, 0, 0];[4, 4, 1, 1, 1, 1, 1, 1, 1, 1];[4, 4, 4, 4, 1, 1, 1, 1, 1, 1];57;10;1;9.348130619124145;9.37316904704893;-13.415480309432796;-13.483809347325879;290.0;9
0.9;50;[0, 1.0, 2.0, 3.0, 4.0, 5.0, 6.0, 7.0, 8.0, 9.0];[6, 6, 7, 0, 0, 0, 0, 0, 0, 0];[15, 15, 0, 0, 0, 0, 0, 0, 0, 0];[4, 4, 1, 1, 1, 1, 1, 1, 1, 1];[4, 4, 4, 1, 1, 1, 1, 1, 1, 1];57;10;1;9.349555989981257;9.385998795183323;-13.414803222718492;-13.477717069317531;300.0;9
0.9;50;[0, 1.0, 2.0, 3.0, 4.0, 5.0, 6.0, 7.0, 8.0, 9.0];[5, 5, 5, 0, 0, 0, 0, 0, 0, 0];[15, 15, 15, 0, 0, 0, 0, 0, 0, 0];[4, 4, 4, 1, 1, 1, 1, 1, 1, 1];[4, 4, 4, 1, 1, 1, 1, 1, 1, 1];57;10;1;9.350842928593211;9.397582755662684;-13.413887205854584;-13.469473447132543;310.0;9
0.9;50;[0, 1.0, 2.0, 3.0, 4.0, 5.0, 6.0, 7.0, 8.0, 9.0];[6, 6, 5, 0, 0, 0, 0, 0, 0, 3];[15, 15, 15, 0, 0, 0, 0, 0, 0, 10];[4, 4, 4, 1, 1, 1, 1, 1, 1, 3];[4, 4, 4, 4, 1, 1, 1, 1, 1, 1];57;10;1;9.351952330084412;9.40756880142226;-13.412760090899337;-13.459328903333372;320.0;9
0.9;50;[0, 1.0, 2.0, 3.0, 4.0, 5.0, 6.0, 7.0, 8.0, 9.0];[7, 7, 7, 7, 0, 0, 0, 0, 0, 4];[15, 15, 15, 0, 0, 0, 0, 0, 0, 10];[4, 4, 4, 2, 1, 1, 1, 1, 1, 3];[4, 4, 4, 4, 1, 1, 1, 1, 1, 4];57;10;1;9.352850484060767;9.415653364798752;-13.411456125317862;-13.447591725020597;330.0;9
0.9;50;[0, 1.0, 2.0, 3.0, 4.0, 5.0, 6.0, 7.0, 8.0, 9.0];[5, 5, 3, 1, 4, 5, 0, 0, 6, 4];[15, 15, 15, 10, 15, 0, 0, 0, 0, 10];[4, 4, 4, 3, 4, 1, 1, 1, 2, 3];[4, 4, 4, 4, 4, 4, 1, 1, 1, 4];57;10;1;9.35351009909936;9.421590679246755;-13.410014931312602;-13.43461869098384;340.0;9
0.9;50;[0, 1.0, 2.0, 3.0, 4.0, 5.0, 6.0, 7.0, 8.0, 9.0];[7, 7, 4, 5, 5, 4, 4, 0, 5, 4];[10, 10, 15, 10, 15, 10, 0, 0, 10, 15];[3, 3, 4, 3, 4, 3, 1, 1, 3, 4];[4, 4, 4, 4, 4, 3, 3, 1, 1, 1];57;10;1;9.353911132162196;9.4252002618121;-13.40848030169763;-13.420804213122828;350.0;9
0.9;50;[0, 1.0, 2.0, 3.0, 4.0, 5.0, 6.0, 7.0, 8.0, 9.0, 10.0];[14, 14, 4, 5, 5, 14, 4, 0, 4, 2, 2];[15, 15, 0, 0, 0, 15, 10, 0, 0, 10, 10];[4, 4, 2, 2, 2, 4, 3, 1, 1, 3, 3];[4, 4, 4, 3, 3, 3, 3, 3, 3, 1, 3];57;10;1;9.354041397711129;9.435413761676598;-13.406898868930545;-13.406526819024409;0.0;10
0.9;50;[0, 1.0, 2.0, 3.0, 4.0, 5.0, 6.0, 7.0, 8.0, 9.0, 10.0];[5, 5, 6, 5, 5, 3, 3, 0, 0, 0, 0];[0, 0, 0, 0, 10, 10, 10, 0, 0, 0, 0];[2, 2, 2, 2, 3, 3, 3, 1, 1, 1, 1];[4, 4, 4, 3, 3, 3, 3, 3, 3, 3, 3];57;10;1;9.353896938002;9.433968232779682;-13.405318687784602;-13.390721488978238;10.0;10
0.9;50;[0, 1.0, 2.0, 3.0, 4.0, 5.0, 6.0, 7.0, 8.0, 9.0, 10.0];[4, 4, 4, 8, 3, 5, 6, 4, 7, 5, 5];[0, 0, 0, 15, 15, 10, 15, 10, 10, 15, 0];[2, 2, 1, 4, 4, 3, 4, 3, 3, 4, 2];[4, 4, 4, 3, 3, 3, 3, 3, 3, 3, 3];57;10;1;9.353482143301617;9.429818840710075;-13.40378777477706;-13.375409493288656;20.0;10
0.9;50;[0, 1.0, 2.0, 3.0, 4.0, 5.0, 6.0, 7.0, 8.0, 9.0, 10.0];[4, 4, 4, 5, 4, 7, 6, 6, 5, 8, 12];[10, 10, 15, 15, 15, 0, 0, 10, 15, 0, 15];[3, 3, 4, 4, 4, 2, 2, 3, 4, 2, 4];[4, 4, 3, 3, 3, 3, 3, 3, 3, 3, 3];57;10;1;9.35280961837919;9.423091809126605;-13.402352648787232;-13.361056368448692;30.0;10
0.9;50;[0, 1.0, 2.0, 3.0, 4.0, 5.0, 6.0, 7.0, 8.0, 9.0, 10.0];[6, 6, 5, 7, 3, 12, 10, 7, 4, 8, 2];[10, 10, 10, 15, 15, 15, 15, 15, 15, 15, 15];[3, 3, 3, 4, 4, 4, 4, 4, 4, 4, 4];[4, 4, 3, 3, 3, 3, 3, 3, 3, 3, 3];57;10;1;9.351899799342483;9.413991716371472;-13.401056917258163;-13.348098414535999;40.0;10
0.9;50;[0, 1.0, 2.0, 3.0, 4.0, 5.0, 6.0, 7.0, 8.0, 9.0, 10.0];[6, 6, 10, 8, 10, 11, 27, 10, 9, 8, 9];[0, 0, 0, 15, 15, 15, 15, 15, 15, 15, 15];[2, 2, 2, 4, 4, 4, 4, 4, 4, 4, 4];[4, 4, 3, 3, 3, 3, 3, 3, 3, 3, 3];57;10;1;9.35078033248205;9.402795257141412;-13.399939950981276;-13.336929415653698;50.0;10
0.9;50;[0, 1.0, 2.0, 3.0, 4.0, 5.0, 6.0, 7.0, 8.0, 9.0, 10.0];[6, 6, 8, 8, 7, 10, 9, 12, 21, 9, 10];[0, 0, 0, 0, 15, 15, 0, 15, 15, 15, 15];[2, 2, 2, 2, 4, 4, 2, 4, 4, 4, 4];[4, 4, 3, 3, 3, 3, 3, 3, 3, 3, 3];57;10;1;9.349485234023053;9.389842811486098;-13.39903568775727;-13.32788866757484;60.0;10
0.9;50;[0, 1.0, 2.0, 3.0, 4.0, 5.0, 6.0, 7.0, 8.0, 9.0, 10.0];[7, 7, 5, 8, 8, 10, 10, 10, 9, 12, 5];[15, 15, 0, 15, 15, 15, 15, 0, 15, 15, 15];[4, 4, 2, 4, 4, 4, 4, 1, 4, 4, 4];[4, 4, 4, 3, 3, 3, 3, 3, 3, 3, 3];57;10;1;9.34805385634309;9.375528080306019;-13.398371601292654;-13.321250677205722;70.0;10
0.9;50;[0, 1.0, 2.0, 3.0, 4.0, 5.0, 6.0, 7.0, 8.0, 9.0, 10.0];[7, 7, 5, 10, 12, 13, 23, 8, 6, 7, 1];[0, 0, 10, 0, 15, 15, 15, 15, 15, 15, 0];[2, 2, 3, 2, 4, 4, 4, 4, 4, 4, 1];[4, 4, 4, 3, 3, 3, 3, 3, 3, 3, 3];57;10;1;9.346529692093162;9.36028610504694;-13.397967866651816;-13.317216845644722;80.0;10
0.9;50;[0, 1.0, 2.0, 3.0, 4.0, 5.0, 6.0, 7.0, 8.0, 9.0, 10.0];[7, 7, 6, 8, 7, 18, 24, 11, 7, 7, 0];[0, 0, 10, 0, 15, 15, 15, 15, 15, 15, 0];[2, 2, 3, 2, 4, 4, 4, 4, 4, 4, 1];[4, 4, 4, 3, 3, 3, 3, 3, 3, 3, 1];57;10;1;9.344959052579249;9.344580037799275;-13.397836747594349;-13.315909384483806;90.0;10
0.9;50;[0, 1.0, 2.0, 3.0, 4.0, 5.0, 6.0, 7.0, 8.0, 9.0, 10.0];[6, 6, 6, 7, 11, 9, 5, 7, 0, 0, 0];[0, 0, 0, 0, 15, 0, 15, 0, 0, 0, 0];[2, 2, 2, 2, 4, 2, 4, 1, 1, 1, 1];[4, 4, 4, 3, 3, 3, 3, 3, 1, 1, 3];57;10;1;9.343389660575317;9.328887065121325;-13.39798222437117;-13.317367645703929;100.0;10
0.9;50;[0, 1.0, 2.0, 3.0, 4.0, 5.0, 6.0, 7.0, 8.0, 9.0, 10.0];[5, 5, 6, 8, 9, 9, 8, 10, 0, 0, 6];[0, 0, 10, 10, 0, 0, 15, 15, 0, 0, 15];[2, 2, 3, 3, 2, 2, 4, 4, 1, 1, 4];[4, 4, 4, 3, 3, 3, 3, 1, 1, 1, 3];57;10;1;9.341869200329205;9.313683913610747;-13.398399873237308;-13.321546971331857;110.0;10
0.9;50;[0, 1.0, 2.0, 3.0, 4.0, 5.0, 6.0, 7.0, 8.0, 9.0, 10.0];[5, 5, 9, 6, 5, 15, 9, 7, 0, 0, 0];[0, 0, 0, 0, 0, 15, 10, 15, 0, 0, 0];[2, 2, 2, 2, 2, 4, 3, 4, 1, 1, 1];[4, 4, 4, 4, 4, 3, 3, 1, 1, 1, 1];57;10;1;9.340443868814043;9.299432376935801;-13.39907700128792;-13.328320092296511;120.0;10
0.9;50;[0, 1.0, 2.0, 3.0, 4.0, 5.0, 6.0, 7.0, 8.0, 9.0, 10.0];[6, 6, 4, 2, 7, 7, 4, 5, 5, 0, 0];[0, 0, 0, 10, 0, 15, 15, 10, 15, 0, 0];[2, 2, 2, 3, 2, 4, 4, 3, 4, 1, 1];[4, 4, 4, 4, 4, 3, 3, 1, 1, 1, 1];57;10;1;9.339156972230905;9.28656530248462;-13.399993032469654;-13.337481028976184;130.0;10
0.9;50;[0, 1.0, 2.0, 3.0, 4.0, 5.0, 6.0, 7.0, 8.0, 9.0, 10.0];[6, 6, 4, 8, 5, 6, 7, 6, 9, 6, 0];[0, 0, 0, 15, 15, 15, 15, 15, 15, 15, 0];[2, 2, 2, 4, 4, 4, 4, 4, 4, 4, 1];[4, 4, 4, 4, 4, 4, 4, 3, 1, 1, 1];57;10;1;9.338047610386084;9.275473461152082;-13.40112013299731;-13.348751371013844;140.0;10
0.9;50;[0, 1.0, 2.0, 3.0, 4.0, 5.0, 6.0, 7.0, 8.0, 9.0, 10.0];[6, 6, 11, 6, 7, 3, 5, 3, 6, 0, 0];[15, 15, 15, 0, 10, 10, 10, 10, 15, 0, 0];[4, 4, 4, 2, 3, 3, 3, 3, 4, 1, 1];[4, 4, 4, 4, 4, 4, 4, 4, 4, 1, 1];57;10;1;9.33714948889175;9.266493696576152;-13.402424057145954;-13.361788743217168;150.0;10
0.9;50;[0, 1.0, 2.0, 3.0, 4.0, 5.0, 6.0, 7.0, 8.0, 9.0, 10.0];[10, 10, 7, 9, 7, 6, 5, 5, 0, 0, 0];[0, 0, 0, 15, 15, 0, 10, 15, 0, 0, 0];[2, 2, 2, 4, 4, 2, 3, 4, 1, 1, 1];[4, 4, 4, 4, 4, 4, 4, 4, 4, 1, 1];57;10;1;9.336489895252994;9.259898711213884;-13.403865187710549;-13.376197199705864;160.0;10
0.9;50;[0, 1.0, 2.0, 3.0, 4.0, 5.0, 6.0, 7.0, 8.0, 9.0, 10.0];[13, 13, 5, 4, 4, 4, 5, 6, 0, 0, 0];[0, 0, 10, 10, 10, 10, 10, 15, 0, 0, 0];[2, 2, 3, 3, 3, 3, 3, 4, 1, 1, 1];[4, 4, 4, 4, 4, 4, 4, 4, 1, 1, 1];57;10;1;9.336088869926671;9.255888797180432;-13.40539973952891;-13.391539231672763;170.0;10
0.9;50;[0, 1.0, 2.0, 3.0, 4.0, 5.0, 6.0, 7.0, 8.0, 9.0, 10.0];[6, 6, 12, 4, 4, 6, 8, 6, 0, 0, 0];[10, 10, 15, 15, 15, 15, 15, 0, 0, 0, 0];[3, 3, 4, 4, 4, 4, 4, 1, 1, 1, 1];[4, 4, 4, 4, 4, 4, 4, 4, 1, 1, 1];57;10;1;9.335958597517804;9.254585761217278;-13.406981089526854;-13.407349026710682;180.0;10
0.9;50;[0, 1.0, 2.0, 3.0, 4.0, 5.0, 6.0, 7.0, 8.0, 9.0, 10.0];[6, 6, 6, 5, 4, 0, 0, 0, 6, 0, 0];[10, 10, 15, 15, 0, 0, 0, 0, 15, 0, 0];[3, 3, 4, 4, 1, 1, 1, 1, 4, 1, 1];[4, 4, 4, 4, 4, 1, 1, 1, 1, 1, 1];57;10;1;9.33610303659795;9.256029227213334;-13.408561192914307;-13.423146580893238;190.0;10
0.9;50;[0, 1.0, 2.0, 3.0, 4.0, 5.0, 6.0, 7.0, 8.0, 9.0, 10.0];[7, 7, 5, 9, 0, 0, 0, 0, 0, 0, 0];[0, 0, 15, 15, 0, 0, 0, 0, 0, 0, 0];[2, 2, 4, 4, 1, 1, 1, 1, 1, 1, 1];[4, 4, 4, 4, 1, 1, 1, 1, 1, 1, 1];57;10;1;9.336517799388467;9.260175428292058;-13.410092042552835;-13.438452239675557;200.0;10
0.9;50;[0, 1.0, 2.0, 3.0, 4.0, 5.0, 6.0, 7.0, 8.0, 9.0, 10.0];[10, 10, 4, 0, 0, 0, 0, 0, 0, 0, 0];[10, 10, 15, 0, 0, 0, 0, 0, 0, 0, 0];[3, 3, 4, 1, 1, 1, 1, 1, 1, 1, 1];[4, 4, 4, 1, 1, 1, 1, 1, 1, 1, 1];57;10;1;9.33719028496894;9.266898525677655;-13.411527127206359;-13.452801230891122;210.0;10
0.9;50;[0, 1.0, 2.0, 3.0, 4.0, 5.0, 6.0, 7.0, 8.0, 9.0, 10.0];[5, 5, 4, 0, 0, 0, 0, 0, 0, 0, 0];[15, 15, 15, 0, 0, 0, 0, 0, 0, 0, 0];[4, 4, 4, 1, 1, 1, 1, 1, 1, 1, 1];[4, 4, 4, 1, 1, 1, 1, 1, 1, 1, 1];57;10;1;9.338100061976828;9.275994415552505;-13.412822844417603;-13.465757753036282;220.0;10
0.9;50;[0, 1.0, 2.0, 3.0, 4.0, 5.0, 6.0, 7.0, 8.0, 9.0, 10.0];[5, 5, 7, 0, 0, 0, 0, 0, 0, 0, 0];[15, 15, 15, 0, 0, 0, 0, 0, 0, 0, 0];[4, 4, 4, 1, 1, 1, 1, 1, 1, 1, 1];[4, 4, 4, 1, 1, 1, 1, 1, 1, 1, 1];57;10;1;9.33921948919088;9.287186910150263;-13.413939825122085;-13.476928194694986;230.0;10
0.9;50;[0, 1.0, 2.0, 3.0, 4.0, 5.0, 6.0, 7.0, 8.0, 9.0, 10.0];[4, 4, 8, 0, 0, 0, 0, 0, 0, 0, 0];[15, 15, 0, 0, 0, 0, 0, 0, 0, 0, 0];[4, 4, 1, 1, 1, 1, 1, 1, 1, 1, 1];[4, 4, 4, 1, 1, 1, 1, 1, 1, 1, 1];57;10;1;9.340514555167868;9.3001361076137;-13.414844129778928;-13.485973086068164;240.0;10
0.9;50;[0, 1.0, 2.0, 3.0, 4.0, 5.0, 6.0, 7.0, 8.0, 9.0, 10.0];[4, 4, 0, 0, 0, 0, 0, 0, 0, 0, 0];[15, 15, 0, 0, 0, 0, 0, 0, 0, 0, 0];[4, 4, 1, 1, 1, 1, 1, 1, 1, 1, 1];[4, 4, 4, 1, 1, 1, 1, 1, 1, 1, 1];57;10;1;9.341945911447993;9.314448698820112;-13.415508279684202;-13.492617420503276;250.0;10
0.9;50;[0, 1.0, 2.0, 3.0, 4.0, 5.0, 6.0, 7.0, 8.0, 9.0, 10.0];[5, 5, 0, 0, 0, 0, 0, 0, 0, 0, 0];[0, 0, 0, 0, 0, 0, 0, 0, 0, 0, 0];[1, 1, 1, 1, 1, 1, 1, 1, 1, 1, 1];[4, 4, 4, 1, 1, 1, 1, 1, 1, 1, 1];57;10;1;9.343470067961404;9.32968990043364;-13.415912092121651;-13.496659031714024;260.0;10
0.9;50;[0, 1.0, 2.0, 3.0, 4.0, 5.0, 6.0, 7.0, 8.0, 9.0, 10.0];[5, 5, 0, 0, 0, 0, 0, 0, 0, 0, 0];[0, 0, 0, 0, 0, 0, 0, 0, 0, 0, 0];[1, 1, 1, 1, 1, 1, 1, 1, 1, 1, 1];[4, 4, 1, 1, 1, 1, 1, 1, 1, 1, 1];57;10;1;9.34504071433525;9.345396653675218;-13.416043293948256;-13.497974769771778;270.0;10
0.9;50;[0, 1.0, 2.0, 3.0, 4.0, 5.0, 6.0, 7.0, 8.0, 9.0, 10.0];[4, 4, 0, 0, 0, 0, 0, 0, 0, 0, 0];[0, 0, 0, 0, 0, 0, 0, 0, 0, 0, 0];[1, 1, 1, 1, 1, 1, 1, 1, 1, 1, 1];[4, 4, 4, 1, 1, 1, 1, 1, 1, 1, 1];57;10;1;9.346610126968166;9.361091689245397;-13.41589789492992;-13.496524284385577;280.0;10
0.9;50;[0, 1.0, 2.0, 3.0, 4.0, 5.0, 6.0, 7.0, 8.0, 9.0, 10.0];[5, 5, 0, 0, 0, 0, 0, 0, 0, 0, 0];[15, 15, 0, 0, 0, 0, 0, 0, 0, 0, 0];[4, 4, 1, 1, 1, 1, 1, 1, 1, 1, 1];[4, 4, 4, 4, 1, 1, 1, 1, 1, 1, 1];57;10;1;9.348130619124145;9.376298031732771;-13.415480309432796;-13.492351295653481;290.0;10
0.9;50;[0, 1.0, 2.0, 3.0, 4.0, 5.0, 6.0, 7.0, 8.0, 9.0, 10.0];[6, 6, 7, 0, 0, 0, 0, 0, 0, 0, 0];[15, 15, 0, 0, 0, 0, 0, 0, 0, 0, 0];[4, 4, 1, 1, 1, 1, 1, 1, 1, 1, 1];[4, 4, 4, 1, 1, 1, 1, 1, 1, 1, 1];57;10;1;9.349555989981257;9.390553502592637;-13.414803222718492;-13.4855823083254;300.0;10
0.9;50;[0, 1.0, 2.0, 3.0, 4.0, 5.0, 6.0, 7.0, 8.0, 9.0, 10.0];[5, 5, 5, 0, 0, 0, 0, 0, 0, 0, 0];[15, 15, 15, 0, 0, 0, 0, 0, 0, 0, 0];[4, 4, 4, 1, 1, 1, 1, 1, 1, 1, 1];[4, 4, 4, 1, 1, 1, 1, 1, 1, 1, 1];57;10;1;9.350842928593211;9.403424779918343;-13.413887205854584;-13.476422803443347;310.0;10
0.9;50;[0, 1.0, 2.0, 3.0, 4.0, 5.0, 6.0, 7.0, 8.0, 9.0, 10.0];[6, 6, 5, 0, 0, 0, 0, 0, 0, 3, 10];[15, 15, 15, 0, 0, 0, 0, 0, 0, 10, 15];[4, 4, 4, 1, 1, 1, 1, 1, 1, 3, 4];[4, 4, 4, 4, 1, 1, 1, 1, 1, 1, 4];57;10;1;9.351952330084412;9.414520585887317;-13.412760090899337;-13.465151018663203;320.0;10
0.9;50;[0, 1.0, 2.0, 3.0, 4.0, 5.0, 6.0, 7.0, 8.0, 9.0, 10.0];[7, 7, 7, 7, 0, 0, 0, 0, 0, 4, 9];[15, 15, 15, 0, 0, 0, 0, 0, 0, 10, 15];[4, 4, 4, 2, 1, 1, 1, 1, 1, 3, 4];[4, 4, 4, 4, 1, 1, 1, 1, 1, 4, 4];57;10;1;9.352850484060767;9.423503598667207;-13.411456125317862;-13.45210950318744;330.0;10
0.9;50;[0, 1.0, 2.0, 3.0, 4.0, 5.0, 6.0, 7.0, 8.0, 9.0, 10.0];[5, 5, 3, 1, 4, 5, 0, 0, 6, 4, 2];[15, 15, 15, 10, 15, 0, 0, 0, 0, 10, 10];[4, 4, 4, 3, 4, 1, 1, 1, 2, 3, 3];[4, 4, 4, 4, 4, 4, 1, 1, 1, 4, 4];57;10;1;9.35351009909936;9.430100724017525;-13.410014931312602;-13.437694702632353;340.0;10
0.9;50;[0, 1.0, 2.0, 3.0, 4.0, 5.0, 6.0, 7.0, 8.0, 9.0, 10.0];[7, 7, 4, 5, 5, 4, 4, 0, 5, 4, 3];[10, 10, 15, 10, 15, 10, 0, 0, 10, 15, 15];[3, 3, 4, 3, 4, 3, 1, 1, 3, 4, 4];[4, 4, 4, 4, 4, 3, 3, 1, 1, 1, 3];57;10;1;9.353911132162196;9.434111411706482;-13.40848030169763;-13.42234489099322;350.0;10
0.9;50;[0, 1.0, 2.0, 3.0, 4.0, 5.0, 6.0, 7.0, 8.0, 9.0, 10.0, 11.0];[14, 14, 4, 5, 5, 14, 4, 0, 4, 2, 2, 4];[15, 15, 0, 0, 0, 15, 10, 0, 0, 10, 10, 0];[4, 4, 2, 2, 2, 4, 3, 1, 1, 3, 3, 2];[4, 4, 4, 3, 3, 3, 3, 3, 3, 1, 3, 3];57;10;1;9.354041397711129;9.444455111431507;-13.406898868930545;-13.406485272240646;0.0;11
0.9;50;[0, 1.0, 2.0, 3.0, 4.0, 5.0, 6.0, 7.0, 8.0, 9.0, 10.0, 11.0];[5, 5, 6, 5, 5, 3, 3, 0, 0, 0, 0, 0];[0, 0, 0, 0, 10, 10, 10, 0, 0, 0, 0, 0];[2, 2, 2, 2, 3, 3, 3, 1, 1, 1, 1, 1];[4, 4, 4, 3, 3, 3, 3, 3, 3, 3, 3, 3];57;10;1;9.353896938002;9.442864915368313;-13.405318687784602;-13.389098976977746;10.0;11
0.9;50;[0, 1.0, 2.0, 3.0, 4.0, 5.0, 6.0, 7.0, 8.0, 9.0, 10.0, 11.0];[4, 4, 4, 8, 3, 5, 6, 4, 7, 5, 5, 7];[0, 0, 0, 15, 15, 10, 15, 10, 10, 15, 0, 10];[2, 2, 1, 4, 4, 3, 4, 3, 3, 4, 2, 3];[4, 4, 4, 3, 3, 3, 3, 3, 3, 3, 3, 3];57;10;1;9.353482143301617;9.438300406458788;-13.40378777477706;-13.372255429920607;20.0;11
0.9;50;[0, 1.0, 2.0, 3.0, 4.0, 5.0, 6.0, 7.0, 8.0, 9.0, 10.0, 11.0];[4, 4, 4, 5, 4, 7, 6, 6, 5, 8, 12, 21];[10, 10, 15, 15, 15, 0, 0, 10, 15, 0, 15, 15];[3, 3, 4, 4, 4, 2, 2, 3, 4, 2, 4, 4];[4, 4, 3, 3, 3, 3, 3, 3, 3, 3, 3, 3];57;10;1;9.35280961837919;9.43090045254274;-13.402352648787232;-13.35646676412551;30.0;11
0.9;50;[0, 1.0, 2.0, 3.0, 4.0, 5.0, 6.0, 7.0, 8.0, 9.0, 10.0, 11.0];[6, 6, 5, 7, 3, 12, 10, 7, 4, 8, 2, 4];[10, 10, 10, 15, 15, 15, 15, 15, 15, 15, 15, 0];[3, 3, 3, 4, 4, 4, 4, 4, 4, 4, 4, 1];[4, 4, 3, 3, 3, 3, 3, 3, 3, 3, 3, 3];57;10;1;9.351899799342483;9.42089011676571;-13.401056917258163;-13.342212937399871;40.0;11
0.9;50;[0, 1.0, 2.0, 3.0, 4.0, 5.0, 6.0, 7.0, 8.0, 9.0, 10.0, 11.0];[6, 6, 10, 8, 10, 11, 27, 10, 9, 8, 9, 21];[0, 0, 0, 15, 15, 15, 15, 15, 15, 15, 15, 15];[2, 2, 2, 4, 4, 4, 4, 4, 4, 4, 4, 4];[4, 4, 3, 3, 3, 3, 3, 3, 3, 3, 3, 3];57;10;1;9.35078033248205;9.408573792032312;-13.399939950981276;-13.329927121399347;50.0;11
0.9;50;[0, 1.0, 2.0, 3.0, 4.0, 5.0, 6.0, 7.0, 8.0, 9.0, 10.0, 11.0];[6, 6, 8, 8, 7, 10, 9, 12, 21, 9, 10, 21];[0, 0, 0, 0, 15, 15, 0, 15, 15, 15, 15, 15];[2, 2, 2, 2, 4, 4, 2, 4, 4, 4, 4, 4];[4, 4, 3, 3, 3, 3, 3, 3, 3, 3, 3, 3];57;10;1;9.349485234023053;9.394325923306939;-13.39903568775727;-13.319982530986765;60.0;11
0.9;50;[0, 1.0, 2.0, 3.0, 4.0, 5.0, 6.0, 7.0, 8.0, 9.0, 10.0, 11.0];[7, 7, 5, 8, 8, 10, 10, 10, 9, 12, 5, 10];[15, 15, 0, 15, 15, 15, 15, 0, 15, 15, 15, 15];[4, 4, 2, 4, 4, 4, 4, 1, 4, 4, 4, 4];[4, 4, 4, 3, 3, 3, 3, 3, 3, 3, 3, 3];57;10;1;9.34805385634309;9.37857960331989;-13.398371601292654;-13.312681095042048;70.0;11
0.9;50;[0, 1.0, 2.0, 3.0, 4.0, 5.0, 6.0, 7.0, 8.0, 9.0, 10.0, 11.0];[7, 7, 5, 10, 12, 13, 23, 8, 6, 7, 1, 10];[0, 0, 10, 0, 15, 15, 15, 15, 15, 15, 0, 15];[2, 2, 3, 2, 4, 4, 4, 4, 4, 4, 1, 4];[4, 4, 4, 3, 3, 3, 3, 3, 3, 3, 3, 3];57;10;1;9.346529692093162;9.361813391573952;-13.397967866651816;-13.308244311472217;80.0;11
0.9;50;[0, 1.0, 2.0, 3.0, 4.0, 5.0, 6.0, 7.0, 8.0, 9.0, 10.0, 11.0];[7, 7, 6, 8, 7, 18, 24, 11, 7, 7, 0, 1];[0, 0, 10, 0, 15, 15, 15, 15, 15, 15, 0, 0];[2, 2, 3, 2, 4, 4, 4, 4, 4, 4, 1, 1];[4, 4, 4, 3, 3, 3, 3, 3, 3, 3, 1, 3];57;10;1;9.344959052579249;9.344536759809856;-13.397836747594349;-13.306806560544938;90.0;11
0.9;50;[0, 1.0, 2.0, 3.0, 4.0, 5.0, 6.0, 7.0, 8.0, 9.0, 10.0, 11.0];[6, 6, 6, 7, 11, 9, 5, 7, 0, 0, 0, 0];[0, 0, 0, 0, 15, 0, 15, 0, 0, 0, 0, 0];[2, 2, 2, 2, 4, 2, 4, 1, 1, 1, 1, 1];[4, 4, 4, 3, 3, 3, 3, 3, 1, 1, 3, 3];57;10;1;9.343389660575317;9.3272746077698;-13.39798222437117;-13.308411074232444;100.0;11
0.9;50;[0, 1.0, 2.0, 3.0, 4.0, 5.0, 6.0, 7.0, 8.0, 9.0, 10.0, 11.0];[5, 5, 6, 8, 9, 9, 8, 10, 0, 0, 6, 3];[0, 0, 10, 10, 0, 0, 15, 15, 0, 0, 15, 10];[2, 2, 3, 3, 2, 2, 4, 4, 1, 1, 4, 3];[4, 4, 4, 3, 3, 3, 3, 1, 1, 1, 3, 3];57;10;1;9.341869200329205;9.310551320113307;-13.398399873237308;-13.31300867753658;110.0;11
0.9;50;[0, 1.0, 2.0, 3.0, 4.0, 5.0, 6.0, 7.0, 8.0, 9.0, 10.0, 11.0];[5, 5, 9, 6, 5, 15, 9, 7, 0, 0, 0, 11];[0, 0, 0, 0, 0, 15, 10, 15, 0, 0, 0, 15];[2, 2, 2, 2, 2, 4, 3, 4, 1, 1, 1, 4];[4, 4, 4, 4, 4, 3, 3, 1, 1, 1, 1, 3];57;10;1;9.340443868814043;9.294874848038322;-13.39907700128792;-13.320459333356908;120.0;11
0.9;50;[0, 1.0, 2.0, 3.0, 4.0, 5.0, 6.0, 7.0, 8.0, 9.0, 10.0, 11.0];[6, 6, 4, 2, 7, 7, 4, 5, 5, 0, 0, 0];[0, 0, 0, 10, 0, 15, 15, 10, 15, 0, 0, 0];[2, 2, 2, 3, 2, 4, 4, 3, 4, 1, 1, 1];[4, 4, 4, 4, 4, 3, 3, 1, 1, 1, 1, 1];57;10;1;9.339156972230905;9.280721297319536;-13.399993032469654;-13.330536437917612;130.0;11
0.9;50;[0, 1.0, 2.0, 3.0, 4.0, 5.0, 6.0, 7.0, 8.0, 9.0, 10.0, 11.0];[6, 6, 4, 8, 5, 6, 7, 6, 9, 6, 0, 0];[0, 0, 0, 15, 15, 15, 15, 15, 15, 15, 0, 0];[2, 2, 2, 4, 4, 4, 4, 4, 4, 4, 1, 1];[4, 4, 4, 4, 4, 4, 4, 3, 1, 1, 1, 1];57;10;1;9.338047610386084;9.268520488281997;-13.40112013299731;-13.342933731542375;140.0;11
0.9;50;[0, 1.0, 2.0, 3.0, 4.0, 5.0, 6.0, 7.0, 8.0, 9.0, 10.0, 11.0];[6, 6, 11, 6, 7, 3, 5, 3, 6, 0, 0, 0];[15, 15, 15, 0, 10, 10, 10, 10, 15, 0, 0, 0];[4, 4, 4, 2, 3, 3, 3, 3, 4, 1, 1, 1];[4, 4, 4, 4, 4, 4, 4, 4, 4, 1, 1, 1];57;10;1;9.33714948889175;9.258642923257636;-13.402424057145954;-13.357274611964852;150.0;11
0.9;50;[0, 1.0, 2.0, 3.0, 4.0, 5.0, 6.0, 7.0, 8.0, 9.0, 10.0, 11.0];[10, 10, 7, 9, 7, 6, 5, 5, 0, 0, 0, 0];[0, 0, 0, 15, 15, 0, 10, 15, 0, 0, 0, 0];[2, 2, 2, 4, 4, 2, 3, 4, 1, 1, 1, 1];[4, 4, 4, 4, 4, 4, 4, 4, 4, 1, 1, 1];57;10;1;9.336489895252994;9.251388554266173;-13.403865187710549;-13.373123566502352;160.0;11
0.9;50;[0, 1.0, 2.0, 3.0, 4.0, 5.0, 6.0, 7.0, 8.0, 9.0, 10.0, 11.0];[13, 13, 5, 4, 4, 4, 5, 6, 0, 0, 0, 0];[0, 0, 10, 10, 10, 10, 10, 15, 0, 0, 0, 0];[2, 2, 3, 3, 3, 3, 3, 4, 1, 1, 1, 1];[4, 4, 4, 4, 4, 4, 4, 4, 1, 1, 1, 1];57;10;1;9.336088869926671;9.246977689300635;-13.40539973952891;-13.389999377197684;170.0;11
0.9;50;[0, 1.0, 2.0, 3.0, 4.0, 5.0, 6.0, 7.0, 8.0, 9.0, 10.0, 11.0];[6, 6, 12, 4, 4, 6, 8, 6, 0, 0, 0, 0];[10, 10, 15, 15, 15, 15, 15, 0, 0, 0, 0, 0];[3, 3, 4, 4, 4, 4, 4, 1, 1, 1, 1, 2];[4, 4, 4, 4, 4, 4, 4, 4, 1, 1, 1, 1];57;10;1;9.335958597517804;9.245544311270171;-13.406981089526854;-13.407389701097628;180.0;11
0.9;50;[0, 1.0, 2.0, 3.0, 4.0, 5.0, 6.0, 7.0, 8.0, 9.0, 10.0, 11.0];[6, 6, 6, 5, 4, 0, 0, 0, 6, 0, 0, 0];[10, 10, 15, 15, 0, 0, 0, 0, 15, 0, 0, 0];[3, 3, 4, 4, 1, 1, 1, 1, 4, 1, 1, 1];[4, 4, 4, 4, 4, 1, 1, 1, 1, 1, 1, 1];57;10;1;9.33610303659795;9.247132011222643;-13.408561192914307;-13.424766587561784;190.0;11
0.9;50;[0, 1.0, 2.0, 3.0, 4.0, 5.0, 6.0, 7.0, 8.0, 9.0, 10.0, 11.0];[7, 7, 5, 9, 0, 0, 0, 0, 0, 0, 0, 0];[0, 0, 15, 15, 0, 0, 0, 0, 0, 0, 0, 0];[2, 2, 4, 4, 1, 1, 1, 1, 1, 1, 1, 1];[4, 4, 4, 4, 1, 1, 1, 1, 1, 1, 1, 1];57;10;1;9.336517799388467;9.251692659032132;-13.410092042552835;-13.44160246695968;200.0;11
0.9;50;[0, 1.0, 2.0, 3.0, 4.0, 5.0, 6.0, 7.0, 8.0, 9.0, 10.0, 11.0];[10, 10, 4, 0, 0, 0, 0, 0, 0, 0, 0, 0];[10, 10, 15, 0, 0, 0, 0, 0, 0, 0, 0, 0];[3, 3, 4, 1, 1, 1, 1, 1, 1, 1, 1, 1];[4, 4, 4, 1, 1, 1, 1, 1, 1, 1, 1, 1];57;10;1;9.33719028496894;9.25908785256806;-13.411527127206359;-13.457386131070802;210.0;11
0.9;50;[0, 1.0, 2.0, 3.0, 4.0, 5.0, 6.0, 7.0, 8.0, 9.0, 10.0, 11.0];[5, 5, 4, 0, 0, 0, 0, 0, 0, 0, 0, 0];[15, 15, 15, 0, 0, 0, 0, 0, 0, 0, 0, 0];[4, 4, 4, 1, 1, 1, 1, 1, 1, 1, 1, 1];[4, 4, 4, 1, 1, 1, 1, 1, 1, 1, 1, 1];57;10;1;9.338100061976828;9.269093102860284;-13.412822844417603;-13.471638225361547;220.0;11
0.9;50;[0, 1.0, 2.0, 3.0, 4.0, 5.0, 6.0, 7.0, 8.0, 9.0, 10.0, 11.0];[5, 5, 7, 0, 0, 0, 0, 0, 0, 0, 0, 0];[15, 15, 15, 0, 0, 0, 0, 0, 0, 0, 0, 0];[4, 4, 4, 1, 1, 1, 1, 1, 1, 1, 1, 1];[4, 4, 4, 1, 1, 1, 1, 1, 1, 1, 1, 1];57;10;1;9.33921948919088;9.281404630390174;-13.413939825122085;-13.483925787125829;230.0;11
0.9;50;[0, 1.0, 2.0, 3.0, 4.0, 5.0, 6.0, 7.0, 8.0, 9.0, 10.0, 11.0];[4, 4, 8, 0, 0, 0, 0, 0, 0, 0, 0, 0];[15, 15, 0, 0, 0, 0, 0, 0, 0, 0, 0, 0];[4, 4, 1, 1, 1, 1, 1, 1, 1, 1, 1, 1];[4, 4, 4, 1, 1, 1, 1, 1, 1, 1, 1, 1];57;10;1;9.340514555167868;9.295648568805822;-13.414844129778928;-13.493875390927316;240.0;11
0.9;50;[0, 1.0, 2.0, 3.0, 4.0, 5.0, 6.0, 7.0, 8.0, 9.0, 10.0, 11.0];[4, 4, 0, 0, 0, 0, 0, 0, 0, 0, 0, 0];[15, 15, 0, 0, 0, 0, 0, 0, 0, 0, 0, 0];[4, 4, 1, 1, 1, 1, 1, 1, 1, 1, 1, 1];[4, 4, 4, 1, 1, 1, 1, 1, 1, 1, 1, 1];57;10;1;9.341945911447993;9.311392299427224;-13.415508279684202;-13.501184503191837;250.0;11
0.9;50;[0, 1.0, 2.0, 3.0, 4.0, 5.0, 6.0, 7.0, 8.0, 9.0, 10.0, 11.0];[5, 5, 0, 0, 0, 0, 0, 0, 0, 0, 0, 0];[0, 0, 0, 0, 0, 0, 0, 0, 0, 0, 0, 0];[1, 1, 1, 1, 1, 1, 1, 1, 1, 1, 1, 1];[4, 4, 4, 1, 1, 1, 1, 1, 1, 1, 1, 1];57;10;1;9.343470067961404;9.328157575063642;-13.415912092121651;-13.505630700135011;260.0;11
0.9;50;[0, 1.0, 2.0, 3.0, 4.0, 5.0, 6.0, 7.0, 8.0, 9.0, 10.0, 11.0];[5, 5, 0, 0, 0, 0, 0, 0, 0, 0, 0, 0];[0, 0, 0, 0, 0, 0, 0, 0, 0, 0, 0, 0];[1, 1, 1, 1, 1, 1, 1, 1, 1, 1, 1, 1];[4, 4, 1, 1, 1, 1, 1, 1, 1, 1, 1, 1];57;10;1;9.34504071433525;9.34543503688044;-13.416043293948256;-13.50707846610313;270.0;11
0.9;50;[0, 1.0, 2.0, 3.0, 4.0, 5.0, 6.0, 7.0, 8.0, 9.0, 10.0, 11.0];[4, 4, 0, 0, 0, 0, 0, 0, 0, 0, 0, 0];[0, 0, 0, 0, 0, 0, 0, 0, 0, 0, 0, 0];[1, 1, 1, 1, 1, 1, 1, 1, 1, 1, 1, 1];[4, 4, 4, 1, 1, 1, 1, 1, 1, 1, 1, 1];57;10;1;9.346610126968166;9.362699685018589;-13.41589789492992;-13.5054833611709;280.0;11
0.9;50;[0, 1.0, 2.0, 3.0, 4.0, 5.0, 6.0, 7.0, 8.0, 9.0, 10.0, 11.0];[5, 5, 0, 0, 0, 0, 0, 0, 0, 0, 0, 0];[15, 15, 0, 0, 0, 0, 0, 0, 0, 0, 0, 0];[4, 4, 1, 1, 1, 1, 1, 1, 1, 1, 1, 1];[4, 4, 4, 4, 1, 1, 1, 1, 1, 1, 1, 1];57;10;1;9.348130619124145;9.379426833754493;-13.415480309432796;-13.500893425509272;290.0;11
0.9;50;[0, 1.0, 2.0, 3.0, 4.0, 5.0, 6.0, 7.0, 8.0, 9.0, 10.0, 11.0];[6, 6, 7, 0, 0, 0, 0, 0, 0, 0, 0, 0];[15, 15, 0, 0, 0, 0, 0, 0, 0, 0, 0, 0];[4, 4, 1, 1, 1, 1, 1, 1, 1, 1, 1, 1];[4, 4, 4, 1, 1, 1, 1, 1, 1, 1, 1, 1];57;10;1;9.349555989981257;9.395108066190627;-13.414803222718492;-13.493447771390741;300.0;11
0.9;50;[0, 1.0, 2.0, 3.0, 4.0, 5.0, 6.0, 7.0, 8.0, 9.0, 10.0, 11.0];[5, 5, 5, 0, 0, 0, 0, 0, 0, 0, 0, 0];[15, 15, 15, 0, 0, 0, 0, 0, 0, 0, 0, 0];[4, 4, 4, 1, 1, 1, 1, 1, 1, 1, 1, 1];[4, 4, 4, 1, 1, 1, 1, 1, 1, 1, 1, 1];57;10;1;9.350842928593211;9.40926670238579;-13.413887205854584;-13.48337239930898;310.0;11
0.9;50;[0, 1.0, 2.0, 3.0, 4.0, 5.0, 6.0, 7.0, 8.0, 9.0, 10.0, 11.0];[6, 6, 5, 0, 0, 0, 0, 0, 0, 3, 10, 2];[15, 15, 15, 0, 0, 0, 0, 0, 0, 10, 15, 10];[4, 4, 4, 1, 1, 1, 1, 1, 1, 3, 4, 3];[4, 4, 4, 4, 1, 1, 1, 1, 1, 1, 4, 4];57;10;1;9.351952330084412;9.421472308632882;-13.412760090899337;-13.470973359970118;320.0;11
0.9;50;[0, 1.0, 2.0, 3.0, 4.0, 5.0, 6.0, 7.0, 8.0, 9.0, 10.0, 11.0];[7, 7, 7, 7, 0, 0, 0, 0, 0, 4, 9, 15];[15, 15, 15, 0, 0, 0, 0, 0, 0, 10, 15, 15];[4, 4, 4, 2, 1, 1, 1, 1, 1, 3, 4, 4];[4, 4, 4, 4, 1, 1, 1, 1, 1, 4, 4, 4];57;10;1;9.352850484060767;9.431353803984662;-13.411456125317862;-13.45662746619077;330.0;11
0.9;50;[0, 1.0, 2.0, 3.0, 4.0, 5.0, 6.0, 7.0, 8.0, 9.0, 10.0, 11.0];[5, 5, 3, 1, 4, 5, 0, 0, 6, 4, 2, 3];[15, 15, 15, 10, 15, 0, 0, 0, 0, 10, 10, 10];[4, 4, 4, 3, 4, 1, 1, 1, 2, 3, 3, 3];[4, 4, 4, 4, 4, 4, 1, 1, 1, 4, 4, 4];57;10;1;9.35351009909936;9.43861076236284;-13.410014931312602;-13.44077083533289;340.0;11
0.9;50;[0, 1.0, 2.0, 3.0, 4.0, 5.0, 6.0, 7.0, 8.0, 9.0, 10.0, 11.0];[7, 7, 4, 5, 5, 4, 4, 0, 5, 4, 3, 5];[10, 10, 15, 10, 15, 10, 0, 0, 10, 15, 15, 10];[3, 3, 4, 3, 4, 3, 1, 1, 3, 4, 4, 3];[4, 4, 4, 4, 4, 3, 3, 1, 1, 1, 3, 4];57;10;1;9.353911132162196;9.443022563452475;-13.40848030169763;-13.423885611231297;350.0;11
